station_id,x_coor,y_coor,y,ols_residual,mgwr_yhat,mgwr_residual,localR2,beta_Intercept,beta_TL,beta_RD,beta_LUM,beta_GBS,beta_TS,beta_ES,se_Intercept,se_TL,se_RD,se_LUM,se_GBS,se_TS,se_ES,t_Intercept,t_TL,t_RD,t_LUM,t_GBS,t_TS,t_ES,p_Intercept,p_TL,p_RD,p_LUM,p_GBS,p_TS,p_ES,sumW_Intercept,sumW_TL,sumW_RD,sumW_LUM,sumW_GBS,sumW_TS,sumW_ES
30.0,1149789.47306214,1901420.43035568,-0.9781950857478559,-0.8898598703043341,-0.9499347856255949,-0.028260300122260995,0.7589888986713516,-0.3549245832815811,0.2581437828058527,0.28872968199406096,-0.7132662015862739,0.15567138750328213,0.35633543814367935,0.33088634032490505,0.130550372783967,0.12899753437147043,0.17324434192450996,0.253140248093129,0.10143806390781765,0.1851960558124628,0.16837386653862788,-2.7186792018503505,2.0011528442278874,1.666603819707272,-2.8176720492265095,1.5346447034394237,1.9240984187293892,1.965188227408165,0.0075699551524262675,0.04773090101979411,0.09831462850400897,0.0056958409566605,0.12761778830630002,0.05681347541894491,0.05180359736714252,17.54812235095393,19.185907582467056,16.447384791262767,27.563552895482676,16.375848053328784,17.10538881484847,72.068434933903
40.0,1174769.55910141,1899173.22932958,0.111421528388571,-0.38445022809374807,-0.523685074593069,0.63510660298164,0.662790457014355,-0.19264829006135697,0.04588514870566531,0.024908810353807667,-0.7107124848552206,-0.5400459824280005,1.0769027502528807,0.3300723188341095,0.16199197063701323,0.07193873918091183,0.12460544899519715,0.2551967967058178,0.2456356855350165,0.1868203507887872,0.16754676201467028,-1.1892459194353373,0.6378364317766698,0.19990145338481757,-2.784958487055407,-2.1985648430997804,5.764376020631664,1.9700310221764152,0.23679262531784484,0.5248481563133289,0.841910712257404,0.006262208775586956,0.029911151829090647,6.997865389933697e-08,0.05123858043088113,32.48513158739652,39.07606565450791,29.355416084640886,50.85636164440077,28.91733871170783,31.259127130153672,76.95581310046977
60.0,1153202.40157732,1920656.94749359,0.312532583557873,0.28364728860495325,-0.13981155611220458,0.4523441396700776,0.4366165347994122,0.21909344816760679,0.41891785406915294,-0.22067820049272405,-0.5211788721208809,0.1579697775677605,0.5798172919673886,0.3273851612863253,0.1442473271036408,0.1559172320095006,0.21262828388143762,0.2524232762852614,0.21588480752783604,0.2261316413268761,0.16598945726918757,1.5188735387116707,2.686796376962533,-1.037859105403753,-2.0647021138094295,0.7317317942689969,2.564069709860972,1.9723250299891029,0.1315388265235225,0.008283484143499676,0.30151296140973555,0.04119983161233579,0.465820801316708,0.011634152733796903,0.050972764355615416,18.2606597118408,25.083331113973642,15.758361114939545,31.644640257309362,15.548591969157853,17.4397938514982,81.00881451005566
70.0,1175981.49715054,1898986.07233741,0.513859631617786,0.14105257563968132,0.5751052648890159,-0.06124563327122989,0.6535765215005631,-0.18743813559336595,0.04567696956423486,0.02835878630735577,-0.7124771005837173,-0.5579291451907334,1.0798438584691763,0.33004643502365666,0.16158534112058143,0.0719605611650856,0.12497569454275133,0.25510747654552585,0.24735525550163448,0.1869116990864776,0.16756147516809441,-1.1599946770758873,0.6347500467575116,0.22691441252726846,-2.79285072406167,-2.2555782938965967,5.777294111320286,1.9697035651695027,0.24845359119851665,0.5268522637572958,0.8208931724486339,0.006121056521307871,0.025988443304193764,6.594116337046028e-08,0.05127661993813704,32.37038689279656,38.573368822504065,28.619085076467165,49.976035955552156,28.391731586934373,31.219573933639598,75.58822450877103
80.0,1168782.69906383,1926475.82647501,0.634982730668468,0.8576578938366621,0.617504982647554,0.017477748020913952,0.3526566047022317,0.263758725939407,0.3524158033802509,-0.5336449130663304,-0.525798158821137,-0.038053028446609405,0.6704591523082137,0.32448222990856534,0.14932043486960092,0.131664312588168,0.1896522278644677,0.2534755900993924,0.2513193793558689,0.23722317056468245,0.16502261320221132,1.7663940382288812,2.6766235774349134,-2.8138077737093194,-2.0743542153899788,-0.1514130288883382,2.82628020994856,1.966289489737745,0.07998311638515024,0.008523660289835562,0.005760215324176631,0.040278209196564906,0.8799152057514796,0.005554795589950295,0.05167464943871283,22.73236898523868,26.398240414845468,20.73825773397136,39.47472460038464,20.523151334338046,21.972728348844242,80.52901546685307
90.0,1162299.35492979,1931030.29073525,-0.353353298181331,-0.5560861212595611,0.09252744663198484,-0.44588074481331585,0.3279694461517223,0.24012934868737298,0.45343606216820875,-0.4055089232143941,-0.5006721245154202,0.17422223804090814,0.6111656766645475,0.3253988678471306,0.14582499909534932,0.16207880770110317,0.18200150633682396,0.2535273711240006,0.22181915129756125,0.23166898528029245,0.16518054392813558,1.6466953552344046,2.797627084007248,-2.2280525660261987,-1.9748247390240985,0.7854246895354684,2.6380988198532846,1.9699588105769925,0.10235077477701418,0.006037047755323375,0.02782222538790612,0.05068444576815838,0.4338198053980018,0.009491448670814038,0.05124696693596553,26.784876408305937,28.9812659180759,25.381866663920704,38.460812510152586,25.378313961238874,25.949134456141582,78.72569519444234
100.0,1165641.09906091,1946344.11935752,0.505664257119309,0.8366034273800449,0.22319132182984425,0.2824729352894647,0.30865082425355295,0.21166398037457057,0.49128922910709283,-0.320045853948284,-0.4837055098529517,0.31291032278148284,0.5869810715164787,0.3246389147015217,0.14351688373630483,0.164839420528834,0.1865714599002301,0.2545235859987661,0.21101345715263503,0.22801111013185785,0.16487572245760893,1.4748367917706318,2.980411042036851,-1.7154062798213077,-1.9004349162961134,1.4828927358653787,2.574352939104722,1.9689916129707292,0.14298891670391314,0.0035134238475148342,0.08896390197432127,0.059879748786900285,0.14083825345390344,0.011312574003708716,0.051359407526786825,21.717796384869562,23.501389250364934,20.546019897426564,31.438921499462165,20.15929144615532,21.388190164935004,68.88380788287947
120.0,1162147.77912165,1881157.78688081,-0.285771539733467,0.6648158678454619,-1.0143045293223805,0.7285329895889134,0.5278640734952113,-0.3368342435137104,0.02747828915154664,-0.13309250861485739,-0.7542746020058606,0.15571996453841086,0.43966386844927197,0.35766824483,0.13736364080334973,0.08445866022463586,0.16910648910169127,0.2333097569105181,0.10572566973169366,0.1921862598074887,0.1712453978951426,-2.452135379812213,0.32534602228430165,-0.7870337165762038,-3.232932098485489,1.4728680833480716,2.2876966797193483,2.088629821450783,0.01570395250912621,0.7455103848659212,0.4328811121176672,0.0015991266000339724,0.14351835759031062,0.02398327079103021,0.038947610355106875,12.554840226953464,19.056426304219492,11.270198282674906,43.53989527359454,11.252261621278185,12.123175838543238,72.71912919347929
130.0,1179151.84211349,1871283.07634361,-1.46296746417213,-0.6101181707600432,-1.5386594869236938,0.07569202275156384,0.7198850287959109,-0.5347125036567456,0.06061440357941749,0.38656681214802974,-0.7683135410478149,-0.32675946847264825,0.6247362417291755,0.3768367688112256,0.15068862879768619,0.07472802470862458,0.18878651296341692,0.2277202742515983,0.19316398933807624,0.18667097952806455,0.17206375830816906,-3.54845954816304,0.8111334912940875,2.0476399827509857,-3.3739356039899127,-1.6916168981204502,3.346723970210116,2.1900996032895237,0.0005621362599014688,0.41896460039267713,0.04287329111314114,0.0010106572237033983,0.09342719460036683,0.0011054075498283058,0.03053552721778241,16.953458882861746,25.387310514043325,16.05218467597456,42.867858719118566,15.676969962295631,16.60415260308322,68.25129403905119
150.0,1150164.33155849,1889923.88301697,-1.02986595416412,-0.13243524786295402,-1.3498965367285272,0.3200305825644072,0.5222592765528193,-0.41031338410820045,0.10938232097549673,0.14177873919648926,-0.7184258084878309,0.16687011009351005,0.3331165694131452,0.33827106929861417,0.13420646110178747,0.096154369354305,0.15272207629640266,0.24126729792611493,0.10357669112042098,0.18262291800404287,0.17051905021818747,-3.0573295856225777,1.1375699483031292,0.928344759544294,-2.9777173063373046,1.611077823479633,1.8240677186297656,1.9837728914498396,0.0027776419930526388,0.2576646792930918,0.35517318227663297,0.003542185232741348,0.10990412552130015,0.07073835333235,0.04966367731558225,16.826880725670712,20.665208685815553,15.851560453528169,30.15053322454951,15.810473221605593,16.51512162782554,63.3611812903132
160.0,1175321.45695792,1898497.01044895,-1.19686761911152,-1.8155232258134646,0.07526907025670787,-1.2721366893682278,0.6596625346506763,-0.19650241084692724,0.045779259860640964,0.025660032332526273,-0.7141612405334824,-0.5524517704169831,1.0772287847425925,0.3304047920376579,0.16160979380444843,0.07194324127119064,0.12489848767153147,0.2550555527599995,0.24735428234337054,0.18679652852784295,0.16766461352971998,-1.2159065748496634,0.6363246783401886,0.2054471019697947,-2.800022319864916,-2.233443323411254,5.766856553664627,1.9706292525410607,0.22651054192620326,0.5258293011405134,0.8375860511608191,0.005995316626472951,0.02745443626583114,6.918500530573989e-08,0.05116914795565087,32.31713558494857,39.3864540694729,28.13195340022432,50.0390433403708,28.069619378949344,30.75370565758537,75.6256720539505
170.0,1165706.56389297,1901501.95688375,0.0105487762651293,0.030058884321662014,-0.42107557394556916,0.43162435021069845,0.7370060823107992,-0.2677538036188813,0.0540833475740912,-0.040967766364801345,-0.701003328722978,-0.11227840641344145,0.9221869480812179,0.3284385776638858,0.1587679666751639,0.07159068469918439,0.12043973105369382,0.25657488558786234,0.23257244001723423,0.1793157669959694,0.16731357252194365,-1.6864472678339468,0.7554523022281886,-0.3401515928870458,-2.73215878910691,-0.48276746120529723,5.142810158472827,1.9630121616153413,0.09442079163492942,0.4515221650422693,0.7343628912364513,0.007285442568294029,0.6301785911380475,1.123537046808514e-06,0.052059197153260364,19.50125316675833,34.25602059790208,13.308166100240813,48.5537724552179,11.07112386665945,17.858778572249904,79.83946845397077
190.0,1175756.53587033,1881859.32211346,0.595517505497489,0.9822910135950583,-0.37962336146817255,0.9751408669656616,0.7398208840066711,-0.4272327938311563,0.05045947754492164,0.1636230070483489,-0.769977837803996,-0.21970991342241192,0.8894610469925872,0.3599047907529539,0.15068380854037403,0.07329339210531557,0.16307101595057585,0.2392197609212917,0.17794647626469398,0.17218441541671478,0.17075447357547147,-2.8352933070223276,0.6884587559055284,1.003384973684964,-3.218704988411617,-1.2346966235824481,5.165746533099086,2.1077327183107752,0.005410543202588741,0.49255042542216687,0.3177817483232532,0.0016736296224198245,0.21946031127760796,1.0172607269720648e-06,0.03722636960926898,14.655600813831647,27.127783916341375,11.321095164259678,46.2225517797222,11.247465811568034,14.154213970544406,73.96336305250064
210.0,1163335.47601876,1890260.80487328,-0.643869420284969,-0.2266286877473897,-0.7842551536333082,0.14038573334833926,0.6737868486267051,-0.40375277944987337,0.04529185799430397,0.02816763243698827,-0.7277459080265332,0.13622741008776068,0.6165605510999758,0.34096955407713087,0.14174827929722342,0.07287489638055437,0.16105544525279666,0.24924708583554397,0.1060900153894784,0.18738577919835142,0.16963704335650331,-2.848378699562684,0.6215015079786714,0.1748940086612759,-2.9197769979413444,1.2840738083375864,3.2903273329366933,2.0099946764608547,0.005207206873848537,0.5354997771273466,0.8614704658040534,0.004215813300184488,0.20169711093127263,0.0013288698226774493,0.04677245439000765,15.534957147069777,27.599975032400053,12.321738496562222,44.26434356643505,12.087010863325293,13.84253797557342,76.42903150517762
220.0,1159883.32292754,1897892.77774439,-0.97962588212015,-0.769279275310658,-0.5414208374669388,-0.4382050446532112,0.72342625624586,-0.4270971554561685,0.06154320731056873,0.07646230954984679,-0.7079095762450648,0.13755754857620892,0.4141537621711303,0.3308523201649546,0.14673653321447006,0.07202540277016112,0.1386505151253784,0.25378991158080966,0.10485774858625697,0.1999576060136163,0.16829473012441865,-2.9106395394521383,0.854465298957898,0.5514751205987494,-2.7893527045091315,1.3118491521211022,2.071207844641469,1.9659101620137405,0.004332210091650635,0.39462373963743225,0.5823779824526363,0.006183256364139462,0.1921837925887679,0.040576672585770246,0.05171903455436369,14.169057001785552,31.267764368552196,13.356943890176673,45.49946876593905,13.31764927816811,13.734314039344467,74.61233919992853
240.0,1177486.45894394,1852436.46589406,0.7363676089447511,1.1051607703454578,-0.42631371907921245,1.1626813280239636,0.6800731641851958,-0.4146353445255051,0.010405939437439966,0.2825496040443759,-0.7512336286830065,-0.3244568365409102,0.12732400068946392,0.3949774117326528,0.14631550019218012,0.08702118295187003,0.17644352626905183,0.2172913305902884,0.17198345615388327,0.19386107995881824,0.17368745243718525,-2.8338442884102952,0.11957938382882381,1.6013599933019196,-3.4572646163205096,-1.8865584155408552,0.6567795903979864,2.2740699238219175,0.005433500820155575,0.9050250014410208,0.11204068638792199,0.0007657205418937716,0.061741679152209884,0.5126348325552815,0.024816776205952323,16.745091336964833,20.199187959181234,15.955737772309336,34.24313469139799,15.887298978540954,16.299300432222477,58.337345416251715
250.0,1155108.3249071,1897455.04718398,-0.7239809295843621,0.4508765835983778,-1.1583224742635,0.434341544679138,0.68437989685039,-0.4199627989277836,0.08923015318957965,0.1893199701759707,-0.7108117016713479,0.1516117496316053,0.3731292674834666,0.33158852332412414,0.13670131009805775,0.07551739018597997,0.1528647821671871,0.2529216404487947,0.10319907572726693,0.18627380033415292,0.168724592496369,-3.072119781635878,1.1815841751128933,1.2384799657053305,-2.8104028599927386,1.4691192587061799,2.0031226442694425,1.9652649232580603,0.002653647364682653,0.2398083991592983,0.21806027024995578,0.005817487325918016,0.14453073227311516,0.04751594066617898,0.0517946081444242,17.226416801788034,25.739010342675247,16.474741281097284,38.27617348709092,16.403732133405892,16.98485991662171,71.27725874693374
260.0,1176356.59423889,1901743.42939598,1.8565102824783302,0.4719187256988353,1.4569239880671656,0.39958629441116456,0.6360086637770768,-0.15478249281291467,0.04950343540773607,0.031677805087114305,-0.7026741495508019,-0.5543939393443107,1.0909767322645667,0.3286460577019818,0.16211107803085972,0.07156306467817801,0.12488996207427122,0.2568406720090979,0.24511412673444563,0.18807753291785714,0.16705501789311722,-0.9547928167096023,0.6917456041095363,0.2536457258932926,-2.7358367506759658,-2.261778815975531,5.8006754732424675,1.9672923438447774,0.3416852031805273,0.4904913264519849,0.8002221835051986,0.007209518404119393,0.025590275990922243,5.920658695083241e-08,0.05155746104454065,31.89775002787635,38.73903600482847,29.64686212416229,48.10934152065873,29.47038295915589,30.709152554376562,78.1871730587123
280.0,1138825.73519593,1902065.79330028,-0.549306480474489,-0.1336556022973882,-0.7711191022458259,0.22181262177133687,0.725410564103564,-0.3219971908859207,0.32487802342006417,0.37805173428371625,-0.698319938882775,0.18238867814644016,0.3465942021497491,0.3321911102158482,0.1297059093214367,0.16164240853125972,0.1998521769426481,0.2509962158068663,0.10286264081087274,0.18888097575677837,0.1692242659234266,-2.4825175088048494,2.009856363636382,1.8916568238944247,-2.782193096568875,1.773128481911981,1.8349873551905922,1.963022905746647,0.0144895403089272,0.04678732011468443,0.06105201564635392,0.006312365712108276,0.07885476559782582,0.06909198604494035,0.05205793253162958,13.734825402423638,16.09960833061029,12.767663652796957,18.06076414618126,12.718652162599872,13.559446617565058,61.12639178309789
290.0,1166854.40799004,1862752.12183966,-1.5469794967140902,-0.8484608913171894,-0.7702677415796957,-0.7767117551343945,0.6848119709124797,-0.43387434499972144,0.0329782142954684,0.13017328291695798,-0.7556966977267131,-0.06284515648281495,0.28340845070054205,0.38564860398477085,0.13792468813982675,0.09290333297795965,0.16081322612495805,0.218639324232065,0.12495524542611254,0.18160223821393975,0.1732619056719467,-3.1457337395598364,0.3549734249393629,0.8094687610819296,-3.456362209227341,-0.5029413232594226,1.5605999875765169,2.2258130111702465,0.002109264361622029,0.7232596749229103,0.4199172490329459,0.0007680446907369759,0.6159673950450588,0.121365950872008,0.027976281874178187,18.655746380647066,21.952588534555538,17.567791813995182,40.088926195335084,17.384995823394014,18.343174564778067,63.782247522913444
300.0,1178284.91449668,1878463.5617263,-2.05089378147688,-1.139024843897242,-1.4888388670897459,-0.5620549143871341,0.7550138579278993,-0.49121757920593745,0.0565888778923445,0.3242381885706271,-0.7730829680833187,-0.3212810356930902,0.8244871709242882,0.3662599729545988,0.14800416810567776,0.07353511042585208,0.1805696998705878,0.2351206177562668,0.20192702908161236,0.17348548396683836,0.1712019391670115,-3.318944226322051,0.7695490979020827,1.7956400703052884,-3.2880271218269765,-1.5910749400628224,4.752485061412334,2.139344768737132,0.0012106739803458394,0.4431451961585924,0.07517782239594589,0.0013388243491708257,0.11433797339168547,5.859878302943813e-06,0.03452203400284355,15.974343584021439,26.33102269792147,13.073717527003359,45.05287848415863,12.989333410431161,14.592364494200046,71.65846770342306
310.0,1161268.48644883,1872085.72671236,0.0742238557425428,0.8445830559242935,-0.7390278111081732,0.8132516668507159,0.66486884013749,-0.41190696436177054,0.05240677593776062,-0.057962370670743155,-0.7597429552517377,0.11763158072055586,0.3722229427936198,0.37278030734665546,0.13082426451112147,0.09960601193040086,0.15949090130907306,0.22250449580990164,0.10689112997585921,0.18427171401798734,0.172474501325741,-3.1485517300710986,0.5261406909291736,-0.36342117446825045,-3.4145060866582657,1.100480280703575,2.0199678761184474,2.1613647494629387,0.0020906485959360935,0.5998036709376818,0.7169574899286809,0.0008834335470008725,0.27342112207665137,0.04571110606986621,0.032740270892278114,15.542124617801447,19.801810850539745,14.436391751689024,41.44100325733811,14.402850183686278,15.10862835680669,68.0454189467943
320.0,1165779.32370104,1908078.03624988,0.709453988857294,0.3452347091507701,0.5579641723272469,0.15148981653004712,0.6397804438765673,-0.034828134899917124,0.07861678556006516,-0.0695218307369655,-0.6634590015034578,-0.4024035316705882,0.8661933396867275,0.3266253818414563,0.15118296751965465,0.07072558606299692,0.12281621806003777,0.2571155640768384,0.2529579603245768,0.18572765260863355,0.16632942956615018,-0.23037075850088248,1.11157489016831,-0.566063927346959,-2.5803922212394137,-1.5907921267006342,4.663782304469089,1.9637257380934832,0.8182129863747971,0.2686394679866649,0.5724532739276668,0.011127460744243303,0.11440166976556176,8.43732263183395e-06,0.0519752632488369,16.134772238078142,29.487660560745613,11.914832359591404,44.88832860540256,11.892877091632464,12.860343131935446,84.32715610994944
330.0,1176288.17926282,1903902.00526999,2.02909145671863,1.19432655803492,1.6043864433174606,0.4247050134011692,0.6121819728810537,-0.12885884896030186,0.053265353109527874,0.03362070822872178,-0.6916361005727057,-0.5600929496553919,1.0920047526686907,0.3267786072714282,0.16051291484283647,0.07120400721681255,0.12493423982528715,0.25723282639585066,0.24608229454406358,0.1880030237874461,0.16663429853081005,-0.8027942741334667,0.7480667899397516,0.26910723814174775,-2.6887552038492952,-2.2760392034425765,5.808442495602081,1.9610524973104988,0.42374968105359123,0.4559469593773896,0.7883293779330699,0.008237947398310283,0.02469477173866527,5.712251416159985e-08,0.05229029224893353,31.632205533355524,38.61167576202584,28.281444717664144,48.03757230561539,27.296526458574355,30.73021534872668,77.89076432324028
350.0,1170448.20024938,1897969.67528046,0.0980038557284662,0.13540465551595904,0.2539204509563845,-0.1559165952279183,0.699996505294172,-0.24628997193788013,0.04691579982558166,0.0018761018064101902,-0.7118263626893517,-0.371614783704176,1.0371042936409414,0.33119511815847535,0.16041387204323684,0.07182409461200574,0.12297194314521938,0.25465494263229943,0.21035236076794372,0.18403664888672855,0.16787282224991118,-1.535340857999468,0.6532041939271374,0.015256340254741473,-2.795258381130932,-1.7666299648242767,5.635313943796388,1.972893013411232,0.12744685545669007,0.5149284738897342,0.9878541104558652,0.006078577154826581,0.07994336358132789,1.2624494587311234e-07,0.050907130781773,29.711473478801583,40.79144652806184,23.70790679186252,52.25173215691879,23.610522314333856,27.959878314763326,78.585365277624
360.0,1166449.96254966,1922826.81834361,0.3210646284085,0.07402545103295369,0.22742166281409731,0.09364296559440266,0.3493066650200821,0.26407860123919813,0.367331331828341,-0.5728042895055798,-0.5373137824233352,-0.10426463111739476,0.6841327820296568,0.32502831995474724,0.14980930635513495,0.141860021449188,0.18922376028700702,0.2532045856667578,0.2496713202914573,0.2383996414337327,0.1652382503962414,1.7627649954748383,2.589392896432863,-3.0271266601867186,-2.122053915447223,-0.4176075609953117,2.8696888045438746,1.967028331365947,0.08059665040256099,0.01085663236455883,0.003047667165402355,0.035979378290934935,0.677012723631389,0.004890986828150236,0.051588290318264576,22.319523464727098,24.972636165312355,20.691106613209016,39.999826844031695,20.379565502516478,21.45618323607881,82.75053308768855
370.0,1175927.28403049,1900801.1532991,1.54476046630531,0.9342291415403801,0.8833346261537847,0.6614258401515254,0.6457459369612045,-0.16742605766741445,0.048048469379620644,0.02972303545365363,-0.7065491941581769,-0.5490877903854274,1.0881729899730788,0.3291139990178447,0.16209872799734806,0.07171484504731918,0.12476529280783816,0.2565272013362793,0.24492578692252517,0.18786184606906015,0.16722780172569213,-1.0328647222336842,0.669993351417229,0.23823160099045054,-2.7542856682553816,-2.241853735715932,5.792410820731816,1.9680579163367733,0.3038344419461457,0.5042051515484347,0.812125437592954,0.006839422014372296,0.02688911365628885,6.150614281675674e-08,0.05146815189593476,32.344294085748786,38.856879134332516,30.082592405395495,48.519138128945286,29.829236437062523,30.80320425683791,77.67580239842938
380.0,1175525.85913411,1901735.36641997,1.57240497066299,0.14209853150166718,1.1254857156713127,0.4469192549916772,0.6428937547397624,-0.1578733750649993,0.04920078960616553,0.02965841689350289,-0.7024471888471938,-0.546172111926677,1.0879691257293382,0.32876562497557993,0.16190960738309912,0.07161054465260873,0.12473027245087454,0.2570449459450269,0.24468492562595187,0.18786248368904682,0.16707246064412853,-0.9750710758716771,0.6870606814240056,0.23778042259295123,-2.7327796166722655,-2.23214450391442,5.7913059827855955,1.9678026151531025,0.3315716242707727,0.49342769287209776,0.8124745293798848,0.007272576050778791,0.02754265864714662,6.182011974765514e-08,0.051497919896077424,32.38443297091362,38.73916377076175,30.01028662416218,48.3379720196866,29.64418466198215,31.182187083352616,78.96860254661902
430.0,1172806.09209158,1897996.84712049,-0.363399023742972,-0.45678348776396993,-0.24497471071893664,-0.11842431302403536,0.6797498909864934,-0.2206301108071495,0.04625662736531455,0.015652830419175406,-0.7134834461279002,-0.4726819364935293,1.061320221364002,0.3309518624782169,0.16101072859225005,0.07188073438060556,0.1239218100157374,0.25468867939544787,0.2301994114341573,0.1857024167807294,0.1678078391997612,-1.3702820472658188,0.6435191260065262,0.12631215132499743,-2.8013944232680035,-2.053358579627507,5.7151664462028515,1.9722074013732243,0.17326793163200943,0.5211685367791938,0.8997054120771526,0.005971529861915029,0.04230603618428842,8.770323101184457e-08,0.05098636595185057,31.95387560942656,40.7923356574229,27.57766952019928,51.70981844603723,27.494961165960962,29.96915406350971,77.11890612423147
440.0,1158201.07396598,1890136.33869717,-0.653555212696246,0.39464864739450667,-0.8529382877716513,0.1993830750754053,0.5888708196357035,-0.4206625350061278,0.05857305832163651,0.09388378035771534,-0.7228455594644605,0.1498412920271572,0.4124422630506704,0.33898404681381306,0.13993097365978419,0.07569542133927484,0.16423270338092633,0.24676061674230498,0.10564080947949749,0.19196201283480616,0.16990041854159865,-3.0062145928383917,0.7737992243824882,0.5716509466446427,-2.9293392479211406,1.41840348219064,2.1485618793005656,1.9951925352721585,0.003248622580034656,0.4406373392967218,0.568674110530612,0.004097088180625738,0.15877730563260223,0.03376626001294241,0.048386388001342706,14.900497966796763,23.646319616316607,14.198002328268347,39.74420408176008,14.164981931610857,14.77333897415799,70.99662951228531
450.0,1177778.98067221,1842222.00572454,1.1427518667296002,2.210333805637526,-0.05459306181335999,1.19734492854296,0.6732996374180027,-0.3841918221047393,-0.021225684335856955,0.2617803230260773,-0.744734855905438,-0.3385623797684267,0.050582364976655414,0.4019414250224014,0.14627029763816637,0.09312938122472392,0.1763747086331997,0.2150920762753191,0.1717805796415208,0.1997330854019619,0.17432237791389518,-2.62658809278646,-0.22791608895842183,1.4842282380207508,-3.462400237153195,-1.9709002058029692,0.2532498052331122,2.3057362447231897,0.009799293476822917,0.8201162137577935,0.1404841670070898,0.0007526192008331128,0.051137726546263036,0.8005273509018328,0.022917733030081894,14.34783201126125,17.164096480689913,13.637246368079563,29.753284275511596,13.536019938803559,13.937601439421895,52.27896990808308
460.0,1174675.57817332,1902905.85602106,0.263269259830568,-0.653945548096359,1.1374384709002727,-0.8741692110697048,0.6340311191150498,-0.14599910629097065,0.05105649425840158,0.029088491964893277,-0.6961596767081372,-0.5391424810743407,1.086682872346068,0.3274766916024215,0.1610321384935361,0.07145626579584395,0.12473416875533987,0.2572659953501099,0.24434672775700883,0.1877799200175495,0.1668378501219753,-0.9066457643598339,0.7145138874773265,0.23320387873790197,-2.7059918111631607,-2.206464911658208,5.7870025306460295,1.9628441109916184,0.36648994991989337,0.47635734813218733,0.8160176766023385,0.007846927792800587,0.029338521693266527,6.305815605814233e-08,0.05207898068441291,32.45006865302689,38.577642781767956,28.86302801652471,48.9296066307976,28.80094063223122,31.282063063374146,78.7231676910506
470.0,1167774.55595889,1898083.15752057,-0.8252933346386341,-0.39454242568331477,-0.9870494422629307,0.1617561076242966,0.7203900081422574,-0.2857372024683208,0.04808105382146914,-0.026408218301505932,-0.71069355307143,-0.171082245034956,0.9804442765246273,0.3312246440364519,0.15838264909452213,0.07177980076570477,0.12165769871538108,0.2549187367592023,0.1728659167546895,0.1814860135434657,0.16792925951317414,-1.8040940980712727,0.6698410041344318,-0.21706984909593036,-2.7879219946972955,-0.9896817617190282,5.402313144587376,1.9724057915616973,0.07383412118091678,0.5043019172080208,0.8285385488308818,0.006208862167465152,0.32440746262406495,3.598920516506e-07,0.05096342754055134,25.285597155565412,39.2674748060014,16.306961064524312,51.10287174638651,15.834829181307937,21.845733604655322,79.31277734608013
480.0,1144532.74806525,1901787.32648402,-1.2146969186666698,-0.8486464879423317,-0.7814941921661002,-0.4332027265005697,0.7429213763273381,-0.3362966066540773,0.3122585085678369,0.3242859370061276,-0.6964599106234738,0.16327929359641213,0.34960400331339925,0.33151284564813455,0.1293034227688094,0.15277380614311747,0.18204111846188412,0.2516318471363342,0.10157895920061488,0.1866357544776364,0.16875517252218528,-2.600832982243366,2.0439270085037693,1.7813884014013395,-2.767773310689611,1.6074125476511456,1.8731887911396448,1.9644603521978117,0.01052097496638858,0.04324507615776362,0.07748876950483205,0.006579887085214763,0.11070610965380315,0.06358127885321871,0.051888974639747724,16.28885418073608,17.667422326207358,15.702236822955028,24.458093055271245,15.57064583231321,15.921188591514897,67.13739539905716
490.0,1170964.65874586,1903685.42030979,0.0443883693325794,-0.7792677852562135,0.8942811909064304,-0.849892821573851,0.6566540354202886,-0.14931994220732014,0.054761755964754445,0.014396090588184359,-0.6909721528781333,-0.47715587474982357,1.0716922832676348,0.3267323981621624,0.16081161144701933,0.07120120276455388,0.12364324028155572,0.25750400292384046,0.23990845328755078,0.18707389066037042,0.1667371393076101,-0.9285395554693188,0.7691127935835447,0.11643249202626949,-2.6833452879662443,-1.9889081364628343,5.728711149827287,1.959565814304755,0.35507261184970584,0.4434031116237862,0.9075128710539306,0.008364266822870475,0.04908579689763973,8.242708555238172e-08,0.05246618982916035,29.184771242142002,38.70360831956448,25.571884237023543,49.67464717723922,25.205232646160145,27.813275233762152,79.89141545622802
510.0,1179221.19584155,1868763.71813326,-1.19155206930574,-1.0515123999356895,-0.9799969187741971,-0.21155515053154283,0.7087130022474075,-0.5189464669985084,0.05804828669952353,0.3736702487120639,-0.7659126865991326,-0.32427828341918113,0.5342395740911646,0.37995834837094156,0.1497707048855048,0.07543433727983906,0.18530226145682818,0.2257140614083419,0.18888369295763344,0.18504200438487112,0.17232804985220962,-3.464939738350216,0.7695207354202844,2.0165444597076423,-3.3932874266681647,-1.7168146087228222,2.8871259575203974,2.2048549188411166,0.0007462189430330438,0.4431619596202142,0.04607308573958972,0.0009479678249708586,0.08870522703540304,0.004645435968821405,0.0294544393844559,17.554057665729157,24.967763823151778,16.754807192479376,41.85021969994869,16.38980520574347,17.29387333768087,66.97574674539318
530.0,1169332.77215234,1918811.40944387,0.52018575980769,-0.030701091853073015,0.995512464977157,-0.47532670516946696,0.32589658876973526,0.26760594043080166,0.19429187395779146,-0.4403794355280964,-0.5709327010752858,-0.30542023336456015,0.7791422691995776,0.3247169374101913,0.1507391112327951,0.08654288674892437,0.14911715576410048,0.2538927460892318,0.25938899288526185,0.22692129351027115,0.1652899337800878,1.7752920144097333,2.2450357418913613,-2.953244603355803,-2.2487160813748845,-1.1774602691011633,3.4335352894694795,1.9645294179996182,0.07849506386149031,0.026677898634871012,0.0038136011465482755,0.026435416961924422,0.24144293856591972,0.0008290894332450187,0.051880868339618115,17.56654664131311,24.865734090103825,16.292988211102223,40.81295207662663,15.52578255201457,17.344630904598905,83.48126532776618
540.0,1168029.49407113,1930295.53438257,1.3614000146800602,1.4150621470663376,0.9027953216019843,0.45860469307807594,0.3412681425870271,0.2466736273884802,0.41316127572432587,-0.4427977845872403,-0.5111193595718926,0.05177477600126782,0.637787520729753,0.3245093951874322,0.1468168451799101,0.1488952476505779,0.18388025465025218,0.2537445649452634,0.24873992138012765,0.23366456095531823,0.16496396881378136,1.680145265934608,2.7748452838059556,-2.408076851043414,-2.014306630300235,0.20814823657576428,2.7295004348208023,1.9671531760596328,0.09564361673054253,0.006447420485761084,0.017626191674300375,0.046311025237340354,0.8354814166706561,0.007340770707952864,0.05157371000229498,24.62378041194142,27.10314303165545,22.97480951222433,38.40949359954971,22.5036805268181,23.898570190320463,78.63156595479
550.0,1148588.58858103,1926020.53969059,0.0866895525455768,0.07871167166420145,-0.49033530865775016,0.577024861203327,0.4147204707340466,0.21784562034768976,0.45692511781232437,-0.2775918671785025,-0.49891269051411213,0.3844913651539616,0.5718606933562004,0.3276965335447313,0.14505582451913177,0.1628194999371624,0.20638457654704673,0.2520148732633591,0.20634402443190922,0.22707810780624418,0.1659765954326264,1.501805398506818,2.8063292049703343,-1.3450223452876267,-1.9796954205664734,1.8633511012132005,2.5183435729706893,1.9743538701379775,0.13588825743356556,0.0058866909138933455,0.18126452336320506,0.050126631779969386,0.06496400934148065,0.013165826292675703,0.05073865014624769,19.351086130519136,25.57699703073609,16.26353880025896,32.033563556920654,15.56588431515255,17.426894954437124,76.80477400477204
560.0,1176444.43423897,1898979.0284974,0.762261463870672,0.27901098521691103,0.9672097620862387,-0.2049482982155667,0.6516942528244558,-0.18510477708585768,0.045779622480421125,0.029586421820690136,-0.7131419534990102,-0.5633601316653726,1.0808511361715163,0.33000156236031997,0.16133060523827597,0.07195103927661671,0.12504861498954362,0.2551837421761597,0.24776737631985202,0.18694498773771412,0.1675560424510074,-1.1473630611654164,0.6362607537108779,0.23659935636363594,-2.794621426182827,-2.2737462051424813,5.781653465285533,1.9694996225326276,0.25361299219161576,0.5258708098626824,0.8133885383741255,0.0060897889873517096,0.024836882360413533,6.463095575355271e-08,0.051300323325132166,32.32863289633588,38.424435882162044,28.499374845735797,49.40241654771289,28.169026294676865,31.15425768187071,75.11192242571157
570.0,1157455.12068528,1914787.23945613,0.340770747729254,0.006702636290358277,0.23802156647298395,0.10274918125627003,0.5436825061944637,0.17323291433583546,0.34299044452576777,-0.05935031667268403,-0.5819159216500257,-0.24050910689124588,0.5553136301893054,0.3272160573292027,0.13966221216113314,0.13749928172339893,0.18537347549407712,0.2533042280537131,0.23714064512325025,0.21946327828561085,0.16613287448456415,1.24037068907351,2.4944889909733936,-0.3201661754169373,-2.2973004679836238,-1.0142044893495374,2.5303259594373544,1.9696045008816436,0.2173630425259071,0.01403454482916378,0.7494233458061181,0.0234107087580914,0.3126142635268469,0.01274790141594072,0.05128813259941802,14.832456572570345,20.61220369407822,11.620013399185527,35.49286925739456,10.941836924728994,13.703272406256158,83.93327639236743
590.0,1162783.21413024,1910383.12246002,0.928434893269377,0.501584735787126,0.538910100320489,0.389524792948888,0.6131044016082915,0.0659280970536551,0.1353316746943234,-0.12141655249956625,-0.635583339794192,-0.38937392261651815,0.5879484166748523,0.32680796189976075,0.1439406889885833,0.07797443328579051,0.13411245077113457,0.25516944152384,0.24906371100370328,0.20625077750480014,0.1662274211173701,0.45802265861659314,1.7355903594490791,-0.9053339328409253,-2.4908285882453938,-1.5633506826320782,2.8506482437922873,1.9660291888244341,0.6478004442621406,0.08531489888984367,0.36718134203264285,0.01417228951367759,0.12071786455011202,0.0051726601718323825,0.051705103755890956,13.392680447860393,20.97463103083682,11.488950382552982,43.97643109130535,10.71307805328672,12.356286763708992,85.02225820075897
630.0,1175328.34617393,1908360.20047414,1.45395375489833,1.0490897820220129,0.7591642238006266,0.6947895310977033,0.5587524222415722,-0.05247268028279724,0.06265829013066054,0.033072814881392014,-0.6657850819347573,-0.5309413431007449,1.1057624155276329,0.3246533890598461,0.15799117033130683,0.07059843470517276,0.12457685403358267,0.25805132110934004,0.24123713639196648,0.18885910596024363,0.16592438497107365,-0.33212413182814104,0.887530869378745,0.26548121750190007,-2.5800491122176994,-2.2009104860126585,5.854959494303678,1.9566345785548303,0.7404001076994522,0.37664560565046745,0.7911140984221502,0.011137904082567705,0.029740122284589977,4.6066666852211466e-08,0.05281446875859737,25.453987884700023,35.443879979342654,23.633541077397478,45.12546715252338,22.94855007525142,24.514666278488725,79.48002615930821
650.0,1170472.73119341,1910775.10249239,0.9481127093480011,0.6276463051034267,0.5493553441302959,0.3987573652177052,0.5152532944331102,0.041204357369183875,0.07989923859318487,-0.015229160171025,-0.6443308991674507,-0.47741321875821446,1.0591240068604224,0.3252565303108751,0.15054675951561142,0.07040932677965159,0.12402999424536523,0.25726820730283373,0.2551522817510839,0.18410158692404613,0.16582604878907212,0.27369806897046534,1.134782027432705,-0.1227861072128856,-2.5045103937347393,-1.8710913164553207,5.752932522506609,1.961432071052937,0.7848076319183632,0.2588263944104089,0.9024908014691635,0.013663534211629177,0.0638740039535323,7.375718988831233e-08,0.05224546294894053,20.739549317680382,31.296892785087593,14.362998691727658,43.99921615041296,13.692634934128579,17.74865534723348,83.57198260960827
660.0,1169507.15116051,1913523.19132695,0.35260500865084604,0.36877735605357986,0.3662610902629942,-0.013656081612148152,0.41040401301006457,0.1750197978993154,0.10354352034760575,-0.10789311931813803,-0.6162725130283493,-0.42921140956660414,0.9343539240835451,0.3251129845419716,0.14830368228281726,0.07120800179299444,0.12480560997884299,0.2554348049273516,0.25753566162126473,0.1911583420761469,0.16562242928376525,1.1801446545713554,1.4540995076453969,-0.8644893393528387,-2.4126411167954336,-1.6666096138476076,4.887853252626297,1.962976789725424,0.24037806315515892,0.1486425187684325,0.3891187820093073,0.017417785119154365,0.09831347285006768,3.3332346001413603e-06,0.0520633607316815,15.942533218379769,29.484136342733763,13.636683861351605,44.522892909136544,13.472892935114732,14.718472772311838,84.22783420912465
670.0,1160063.30014371,1912699.74915018,0.43482422090153605,0.13637743804615432,0.3875171754007476,0.04730704550078846,0.5783952690379544,0.1466280675351226,0.2507947466354852,-0.11692112925785732,-0.6102680684449368,-0.33555514068755443,0.5335638452175269,0.3269943038294416,0.14139155061177555,0.10992409524993357,0.15973754286594943,0.25475716835500867,0.2386007599478169,0.2203415415991975,0.1661573086917582,1.0370355717911686,2.281526594012487,-0.7319577299118509,-2.395489290391693,-1.4063456493639916,2.4215308713237675,1.967980261620964,0.3018949289152383,0.024357579413668538,0.4656834166211612,0.018212463653574887,0.16231794537375052,0.017018148800377175,0.051477204855522,13.294679671506191,19.119442977265003,11.797608706897828,35.80902549419342,11.58470915924543,12.482727793709925,84.80335136403174
680.0,1176848.36665534,1899477.04526587,0.836663707249255,-0.18546346449257356,1.0236447350500906,-0.1869810278008356,0.6489450692717457,-0.1779733604253932,0.04655482068118996,0.03126844986877251,-0.7119620536300787,-0.5658763998595787,1.082649977008962,0.329672215837357,0.161796178300341,0.07186724248392562,0.12512463300117355,0.25556220390186285,0.24775328740877745,0.18707057519741602,0.167456250223539,-1.0999849458435453,0.6477891605706559,0.24989843421542138,-2.7858659956754623,-2.2840318519201643,5.787387866137894,1.968706545126111,0.27363597218909946,0.5184125121678504,0.803111749114575,0.0062458283219884595,0.0242049836619216,6.294631647695526e-08,0.05139258769623977,31.94944872178411,38.46646213552043,28.53719724843368,48.693916641570105,28.216021162268884,31.292254937883705,75.28763009089654
700.0,1141729.75260664,1902002.90459622,-1.38167455742991,-0.9987252547545813,-0.8587026332699266,-0.5229719241599835,0.7339588090659472,-0.32905753154189477,0.323003068849384,0.3642179422003298,-0.7000082256401923,0.17212362880202206,0.34779716815517486,0.33183292823533805,0.12949000188801088,0.15903321159255457,0.19503104503900642,0.25148363530396767,0.10244237868641735,0.18781816452760813,0.16896609836712256,-2.541180992695323,2.0310416020329303,1.867487005094424,-2.7835140238612106,1.6801994546505352,1.8517759931790345,1.9639024126268523,0.012379606812623114,0.04455679103123727,0.0643796577113408,0.006288362033298372,0.09563304759243167,0.06662303243956226,0.051954499758657006,15.024144187748115,16.83999238168822,13.917820309071292,20.517002349062206,13.874266371877576,14.75286369492112,64.30784027407343
710.0,1174115.1544928001,1905746.07592771,0.698098798745245,0.30153574278756334,0.5208354331524854,0.17726336559275968,0.6065145531888995,-0.10413984680354246,0.057291979611854296,0.02965412019059596,-0.6817234334081855,-0.5369357257373926,1.0933552294837576,0.3255028758263364,0.15982759531319682,0.07093560982276888,0.12458653876100902,0.2581356421083692,0.24403348815826628,0.1882757780197866,0.16631857732669295,-0.6515761348937954,0.8076617619133337,0.23802025873341467,-2.6409504237388024,-2.2002542757130388,5.807200697738468,1.9571047387386202,0.5159746717600375,0.420952769941048,0.8122889554465502,0.009416547907371812,0.029787882983723084,5.745081391865804e-08,0.052758474555715154,29.577688389592712,37.91231999978157,25.873635316042293,47.249061009553536,25.267419008925973,28.656409147036396,79.1090079659239
720.0,1182666.51808476,1863374.47652824,-1.50024103164069,-0.9165796965856761,-1.6815796960752656,0.18133866443457558,0.7005868596129056,-0.4839594676103852,0.047227819082248955,0.3963591096122672,-0.7609810458314897,-0.40095951309508465,0.3475487791478173,0.3863347721888694,0.14998397217550635,0.07586800062065394,0.1886358097853263,0.2233205197296054,0.19830117993286106,0.18826739706803994,0.17279396112984735,-3.226741235017243,0.6224998510029521,2.101186991289389,-3.4075733244436255,-2.0219724019334517,1.846038053111304,2.2358117706356366,0.0016311579019484582,0.5348456284761598,0.03780862755485558,0.000904050709912167,0.04550028364798371,0.06745844882908313,0.027294195019915705,17.023635056803947,23.667858165356417,16.259897429383987,38.75288937238609,16.11568780463887,16.520236137590196,62.7204772668345
730.0,1174726.83884537,1900620.27445093,-0.387252942288947,-1.236805937212199,0.19795925716834945,-0.5852121994572965,0.6534083535935733,-0.17558690521506265,0.04855181983026738,0.0266473377589951,-0.7063859890706067,-0.5367427116827592,1.0811995097417002,0.3293527060709519,0.1625182327638218,0.07165817828965583,0.12460980267309592,0.25645608583921214,0.2447320101819473,0.1872604158479895,0.16728314990636003,-1.0804135771660328,0.677547503845434,0.2138462399214475,-2.7544130479846864,-2.1931855636036945,5.773775011903075,1.9688337184905558,0.2822186627244758,0.4994194886902039,0.8310456514308064,0.006836927937555137,0.030306612905397223,6.701781270867654e-08,0.051377783242225174,32.382885283957684,39.96459567897003,29.966535494017407,49.399355766212935,29.57302383918971,31.62808933377072,78.59195706632624
740.0,1160828.02104042,1890198.73280923,-0.995987324437121,-0.22159936062320396,-0.6762065009547783,-0.3197808234823427,0.6602032219170844,-0.42041866588903837,0.05004773505541124,0.06177382110361912,-0.7254026218112138,0.14416396710761298,0.4871669347903291,0.33987251651144956,0.14100029998867897,0.07382561548596117,0.1684771132368306,0.2478066779326608,0.10612923692040312,0.19501724574518803,0.16975587979766732,-2.981686322105656,0.6779182906362415,0.366660016406993,-2.9272924679145866,1.3583812650583353,2.498071044582731,2.002125151226249,0.0034998827247868154,0.4991852207787114,0.7145463914540098,0.004122239431028207,0.1770015105159116,0.01390090865937837,0.047624691819284935,14.424873892837942,24.937555308536293,13.179975097403496,43.17488919303729,13.09270704667522,13.837845868700324,73.85929059010532
750.0,1126838.69876877,1936585.06680443,-0.5551654548830209,0.660068719947082,-0.3660333204698908,-0.18913213441313015,0.4662504678552277,0.14311311355148654,0.492320228894605,-0.06772943345855312,-0.4886690925946096,0.459946529039978,0.5593900406505505,0.32971919211958367,0.1402802567549975,0.1646523745805682,0.19097702027149627,0.2503549676099987,0.2111297111846099,0.205992194174455,0.16663552295023717,1.0201942658362586,2.9900584801690875,-0.35464703220454363,-1.9519049182832875,2.1785021466628396,2.715588534276219,1.978684894325015,0.30977774733977226,0.0034121738225057897,0.7235035554228753,0.05338055664544707,0.03140932144605193,0.007636595655073301,0.050241931576570587,11.94900982337962,16.866931100534984,8.540974567135105,22.0282869800361,8.532118154612318,11.281199210104921,58.84029100348027
760.0,1167506.03909464,1941002.51448854,0.47247656536231103,0.9154150080832268,0.6819452884613935,-0.20946872309908243,0.3144848520912129,0.21950300034878437,0.4713549675961543,-0.342263028202186,-0.4906921096235327,0.24271631514418873,0.5980995560380118,0.32443012449257186,0.14395702714379258,0.1605731478156008,0.18478912280776605,0.25442165897051366,0.22080684732916597,0.23000084450691502,0.16484595008753875,1.524781420566098,2.9354532436360374,-1.852181681484782,-1.92865698466498,1.099224585107007,2.6004233041849973,1.9680806493595295,0.13005906463498831,0.004022795924969832,0.06656429432745556,0.0562382491955519,0.27396600396044735,0.010532831794726425,0.05146550194355823,23.32661036988268,25.039728572352196,22.245394871190296,33.86078878956625,21.793925103656388,22.792399517496015,72.09325889496291
780.0,1152737.52861689,1889991.51591303,-1.2183376658628402,-0.5865394146482507,-1.0972777862673337,-0.12105987959550646,0.5010060239641936,-0.4156900875158512,0.09040643410513734,0.1294523370675017,-0.7195605037460754,0.16194932917968638,0.3474684304669001,0.33849068513723474,0.13591268600400397,0.086883138335616,0.15170279762186115,0.243076218464559,0.10416197829113782,0.1837223092723775,0.170295915295599,-3.0585083684065,1.040552123657313,0.8533286076251435,-2.9602258431175517,1.5547835384522948,1.891269665850764,1.9876617976989281,0.0027675663460087537,0.30026617501285946,0.39525098164814887,0.003734285646510109,0.12274543088321474,0.06110415887107413,0.049225522191298464,16.57278244458515,21.55415889116973,15.969727928396846,33.703454900651565,15.469356295929272,16.334612401514722,66.14294086393635
790.0,1175951.62118251,1899904.51841827,0.0972562912986481,-0.35928871820632924,0.6230256867058734,-0.5257693954072253,0.6519018470097266,-0.17753941072283694,0.04663951332315105,0.029238770966363535,-0.709872620095758,-0.5511146168543699,1.0818175676396982,0.3295472376272871,0.16168275120074377,0.07186282555816598,0.12486549545442378,0.2559411728657976,0.2457081935952372,0.1871075353773221,0.1673901804864079,-1.0980726725908176,0.6490075078581609,0.2341621347030634,-2.7735772722584917,-2.242963935351046,5.7817958291102425,1.9687369753092916,0.2744665121146407,0.5176275513569872,0.8152754794641951,0.006470991575296395,0.026815255335699128,6.458860177574678e-08,0.051389044940925444,32.59435750206383,38.58758324449458,29.500713655714776,49.02179218923201,29.424003289782842,31.63340258341782,76.68855958264248
800.0,1173161.40626791,1910707.27350033,0.457529692328368,0.13985273501940915,0.6519652185474509,-0.19443552621908294,0.5203438530648312,0.010379049222453175,0.07327167246971349,0.020672629846880848,-0.6458386595352569,-0.4984962263046081,1.0898026612944323,0.3247161496515404,0.1518236681592319,0.07027255920916638,0.12436423324283313,0.257167937760185,0.24508952664333244,0.18616957502983267,0.16572954725564512,0.06836252442252733,1.0426782985321517,0.16622648898188877,-2.5113498407313757,-2.033935244528204,5.853817204662993,1.9593135625396443,0.9456157752717987,0.2992842829580176,0.8682706135734516,0.013415389192747434,0.044259298259839736,4.6311116069624686e-08,0.05249608478807191,24.459086125148666,33.3346584703459,16.872777501334088,45.02234376352137,16.593141580218553,21.076583850475398,81.9669378850131
810.0,1163828.91499522,1897961.33198446,-0.649026722926881,-0.44846850472304584,-0.11353882659317249,-0.5354878963337085,0.7585808656988086,-0.4014019067949031,0.052122631129055866,-0.02817268837591624,-0.7091450818922833,0.11354727812529712,0.6480382585524466,0.3305765656450165,0.15719791743913006,0.07171198756709035,0.12290289199223137,0.254480242424223,0.10726550748594459,0.19009131083192113,0.1680653507292731,-2.5534810723579295,0.7268328894146517,-0.22922722093225456,-2.786641018323639,1.0585628203006046,3.4090893251056724,1.9669525229951976,0.011973845491432709,0.4688052814865238,0.819099493624922,0.006231870175054982,0.292017345159071,0.000899504090936532,0.051597145503447066,14.939379858498546,35.97351331739439,11.68433800369917,48.959174192426936,11.092238794187999,12.875421051638837,76.26712646747683
830.0,1165182.26334848,1891511.43450645,-0.18799923397671103,-0.32842380450048736,0.11210823042979454,-0.3001074644065056,0.7107522788259387,-0.38426911922809087,0.0438835588307307,0.009803119256928297,-0.7266408349420878,0.12300496831733922,0.7324721812834586,0.33888351280582724,0.14507928030827758,0.07243283217778125,0.15195921709587565,0.25127613835623036,0.10602451475175477,0.18204920604861188,0.1693255926469385,-2.648683660489362,0.6058517596415617,0.06451151463055521,-2.891801982056649,1.1601559187075026,4.023484623645485,2.001372075587148,0.009216106100741878,0.5458071218412363,0.9486749447046727,0.004581538603893945,0.24838821612847364,0.00010300522974669585,0.047706935856934043,17.713869689861887,31.4954139500164,11.077128935556182,45.52484425631036,11.023490782268091,14.048931518064563,76.75204980568182
850.0,1176281.20684682,1898524.19201698,0.25346976798301396,-0.577172698743806,0.871694541002534,-0.6182247730195201,0.6534041939019622,-0.1907101662183896,0.04567494855177656,0.028555161141226207,-0.7148931952173571,-0.5659781615347278,1.079801114289097,0.3302933877918611,0.16100724983193018,0.07196044299084592,0.12503335844150948,0.2550479749177568,0.2485972084932472,0.18688530777418924,0.16764499019219511,-1.1844818566708346,0.6347230041036138,0.2283803418316104,-2.8029753831524546,-2.276687517792871,5.777881242509469,1.970195395718054,0.23866461985526474,0.526869841058047,0.8197561727389628,0.0059442292006596014,0.024654721492263523,6.576319348020254e-08,0.05121949476978915,32.406785594634904,38.78663995071806,28.188963482761928,49.339135478977816,27.60747818555149,30.797213464124724,74.715470723675
870.0,1156039.37233196,1930887.06155112,-0.96331093535404,-1.5420731340258682,0.11169827568888735,-1.0750092110429272,0.323499961494792,0.2366689332501983,0.47586375143757303,-0.3793260235301181,-0.48221499403332296,0.3051336776403832,0.5919390005538682,0.32634612367808924,0.1457907696918893,0.16930914465996635,0.18190343512262022,0.25311512631513183,0.2076492404808222,0.23019751167032484,0.16545402144756835,1.6233464831166522,2.8106204918421778,-2.085315339286563,-1.9051212033569207,1.4694668612022412,2.5714396140024656,1.9724278734530902,0.10725346272003819,0.005813811170649126,0.039253127296766464,0.05926170191440783,0.14443662920631775,0.011402858442064038,0.05096087491400125,25.44872088289903,28.43900280285777,23.61144644480461,33.88225666657136,22.980687120130572,24.643077419870686,77.84713154216999
880.0,1167550.17426268,1939762.06751139,-0.0548429048559483,0.32415120746131154,0.16188463565129896,-0.21672754050724727,0.31669572193224715,0.22160575151481385,0.46699676782558985,-0.3484244007339123,-0.4923258190282604,0.22731715776847522,0.6009367907667744,0.3244359489481077,0.1440868533627059,0.1597789932264189,0.1844581761583613,0.2543629744509343,0.22313353846987982,0.23019151168573618,0.1648543418497701,1.538001187082431,2.922766994556163,-1.8889073284275697,-1.935524696906028,1.0187493970081065,2.6105949188395354,1.9680157969012577,0.12679530365162212,0.004178353979695523,0.061423133498269715,0.055380921689562636,0.31046039774165207,0.010241981538210456,0.05147306199743583,23.755745974812896,25.46419439957345,22.60538084442297,34.47301155342902,22.15514186428969,23.17772377887666,72.88381441677133
910.0,1175808.13267038,1863399.65745627,-0.273921728845686,0.29552653581461885,-0.48741363200942717,0.21349190316374117,0.6891382419784354,-0.4697503277189947,0.047939698932371266,0.2939957329896232,-0.7603871151497343,-0.25742567818680817,0.3234545594838908,0.38529066720832345,0.14629654676325315,0.08102149718371106,0.17519265054834013,0.22111562368481655,0.16480707589725896,0.18537174477128482,0.17287970733343988,-3.2109461098844396,0.5916911017291012,1.6781282323741218,-3.4388665191456944,-1.5619819524453418,1.7448967742250858,2.228663347197819,0.0017156113683631563,0.5552188430361441,0.09603769976072854,0.0008144372995584366,0.1210400048228989,0.08367420372355686,0.02778033924534723,18.588564336448705,23.275205483063157,17.736301851518334,39.628980089360006,17.55908706332622,18.22868137947144,65.14969108580284
920.0,1149758.98320612,1897220.94772777,-0.602820521534802,-0.1058234016807959,-0.6497952146736834,0.04697469313888136,0.6754889255965699,-0.40424693200120426,0.18425913048492387,0.25580249362219315,-0.7151559280106446,0.16205500008023496,0.3578015231105467,0.3322467701852912,0.13270336195209578,0.10556388656911793,0.16451511728064558,0.2511677618596903,0.1022010367165837,0.18472986499664645,0.16923818325829248,-3.0462448430442346,1.7454750528181837,1.5548874647538977,-2.8473237278363444,1.5856492779973828,1.9368905137079062,1.9631903615876913,0.0028740627927533917,0.08357311483269599,0.12272067438672309,0.005223337303663053,0.1155649054425909,0.055211742581978945,0.05203822576095653,18.06177049318655,20.598907864597372,17.312727795883514,30.4243209865343,17.12686052165134,17.722862008319343,66.39183954307163
930.0,1146620.91702719,1865394.75454613,1.05303751831759,0.20987053377757603,1.025374350351828,0.02766316796576196,0.694002992868987,-0.3609828876326599,0.012188886294597995,-0.20434978411912022,-0.7488751860536287,0.16695689431260782,0.21438012043709287,0.37860180981880426,0.12385801141949139,0.13030600607992648,0.17583403477246712,0.21451503977884628,0.11644219534587733,0.19476518864082756,0.17359986182521292,-2.9144896118996826,0.09354047953186159,-1.1621742308510015,-3.491014834324342,1.4338178167861122,1.100710665664375,2.1808877371111923,0.004282811018791403,0.9256369666473367,0.2475709270819318,0.000683398978641458,0.15433768368271555,0.2733212330642201,0.031227827731157204,12.143081017063947,15.67187295221556,8.497569793375883,30.285703707304464,7.82246759980187,10.182055684283942,57.23971824010666
940.0,1172260.63647507,1862821.97015973,-2.4012965889691804,-1.4559132207859786,-1.6314443935747842,-0.7698521953943962,0.6864182204545648,-0.45295503880743315,0.042003320548738746,0.22839672027856603,-0.7581891652306135,-0.16889256848817455,0.29638797462698596,0.3853250697581791,0.14262642874346562,0.08344077716115972,0.16826025984513618,0.21995105222263117,0.1440006736809549,0.18405233727210357,0.1729829509871054,-3.1758142077730818,0.5033908117563721,1.3574014475478549,-3.447081328181989,-1.1728595719098485,1.6103461603359321,2.2275320634742912,0.001918270821020297,0.6156523875109374,0.17731158928435253,0.0007923356879496759,0.243275815954276,0.1100638451201173,0.02785796393006135,19.108108342367572,23.32772804239094,17.933369495667048,40.04812042152679,17.90642238373842,18.493020712663228,65.48603377063715
960.0,1150270.22237459,1870257.60178265,0.218731377637876,0.6461808114621143,-0.3111940146956837,0.5299253923335597,0.6819981345365577,-0.35845358744425304,0.024789277573684942,-0.21298113016500367,-0.7518567572163163,0.17319401359058834,0.24266254156042205,0.37291547992066665,0.12436410483988082,0.12770262419108602,0.1735171552448129,0.21790598309598957,0.11149200232526199,0.19032280627128326,0.1730277096759117,-2.882291380666175,0.19411721357105283,-1.227435580444548,-3.450372250151188,1.5534209627460052,1.2750050627907121,2.1552356013909755,0.004712358538570412,0.8464265854693587,0.22216557931619613,0.0007836408141027547,0.12307037856612951,0.20487737629277872,0.0332280212765057,13.148734937830099,16.55421219331251,9.634111710721204,33.6115963602442,9.046582755941749,11.661664734556721,61.58317952936291
970.0,1144440.97667316,1896352.78926296,-1.17704708955724,-1.3489498646625295,-0.8929589550727293,-0.28408813448451076,0.6658902299194843,-0.39129775197151057,0.24987626075636374,0.28246044875059867,-0.7162339112479679,0.16972809959325766,0.3445462894779937,0.333066495377296,0.1318484475336949,0.1402448371747364,0.1728629745830806,0.24708349107704566,0.1021103332938103,0.18684031509151622,0.16996892439492517,-2.9677842954617373,1.781714505789852,1.634013584643274,-2.8987525962413714,1.662202973178878,1.8440682317905082,1.9595728840609201,0.0036501269204303336,0.07743524274924672,0.10499073604332775,0.004488048385883731,0.09919556647981333,0.06774725133101807,0.05246535218324674,16.775120767868422,18.21566830286514,15.801231916155501,25.126301943751127,15.690896213018503,16.20299699149581,59.611991119023365
990.0,1177260.46342373,1858977.89284415,0.3091885836912511,0.5871041491641715,0.3379391090698184,-0.028750525378567315,0.6856545970231911,-0.4455320373373809,0.0334498683023885,0.30027413117665724,-0.7565749544383549,-0.3064019781459925,0.2240336968606858,0.38968103008481614,0.14676722912034237,0.08246807369293348,0.17675731944245815,0.2194702790370175,0.17188118352244555,0.1886633060940253,0.17322320828452353,-3.035637042463104,0.40560991429165333,1.6987931935367968,-3.4472774981561183,-1.7826382845797675,1.1874789088506312,2.249589035695235,0.0029692246125106077,0.685782889149775,0.09206202286188102,0.0007918148595092148,0.07728377939160078,0.23748572536316376,0.026378185606753087,17.94502341019017,22.20980696875378,17.196748899490853,37.34004999467635,17.079108220422103,17.58956638590006,62.190827642035906
1000.0,1175600.57759818,1889880.86554493,1.32355521775748,0.9455647541459054,0.5846080456373481,0.738947172120132,0.7101715020226025,-0.28809801822675296,0.042259707687954,0.009985349801353478,-0.7464105501444072,-0.5100422316667664,1.0308889682079925,0.3438628829156629,0.15226161771062147,0.07255097181963678,0.1239872135965762,0.24874393014230023,0.20497064537947934,0.18151963050965542,0.1693913073684014,-1.8921250316300549,0.5824829995801091,0.08053531901961554,-3.0007186495662594,-2.488367203618267,5.679214778663607,2.0299913157161673,0.060989006373656195,0.5613817097002365,0.9359514941699448,0.003303429043377087,0.0142655921940625,1.0336672759997991e-07,0.044665191957205135,23.35442341441585,33.5281144548739,16.523858071309224,48.06632401481301,15.660602055428138,21.995083386052187,74.62228067402918
1010.0,1158091.02161388,1930925.25598316,-0.889579063873338,-1.1995136825080772,0.13756489874209651,-1.0271439626154344,0.32802518645848033,0.23889244247655886,0.4714101542220187,-0.390152837810059,-0.48836308768908043,0.26355392617737694,0.5977931032959246,0.3260411233477443,0.14599236771415344,0.16829700220517735,0.18218001966203606,0.2532640679755467,0.21063501877753102,0.23093472699294892,0.16536255875875847,1.636335146946172,2.8010609104451216,-2.141578634879035,-1.9282762517114476,1.2512350876268012,2.588580379745905,1.971674397125132,0.10450340386289048,0.005977303697027625,0.03433753234884437,0.05628610353705087,0.21338812726794032,0.010880834810436063,0.05104803673022157,26.026645620968708,28.790156956005724,24.350090163572634,35.596361448606565,24.243183253507055,25.38827938850461,78.30796445151876
1020.0,1154263.50109831,1917602.19677075,0.6832947677452421,0.28357830811986523,0.20894248383287922,0.4743522839123629,0.4987135504998006,0.19252852660340566,0.40587150860050075,-0.04736953983382535,-0.5491691636504186,-0.04350512057533692,0.5655944281058722,0.32747508564859307,0.1407519679110669,0.15386682157298784,0.19996650370040508,0.2525512056854865,0.2335839651201026,0.21989315245278782,0.16611382017242962,1.367856730252279,2.637810441856516,-0.2368873734212786,-2.1744864062709084,-0.18625045838642115,2.572132973660052,1.971389769428378,0.1740239371994074,0.009499053152194008,0.8131656226110663,0.03171690630639819,0.8525765025298357,0.011381312548024866,0.051080995233365394,16.219400308787467,22.59066725165121,13.310979605219483,33.102382476369236,13.22824744490604,15.601921670294901,82.17918363711499
1030.0,1165039.42430835,1896486.58894308,-0.863737645443142,-0.1358769650587257,-0.7306988530079708,-0.13303879243517125,0.7451263311953861,-0.3851667912557961,0.048464715361977925,-0.03243838373403434,-0.7122895766339148,0.09569728869980502,0.7995162000797618,0.3324265065756149,0.15545384570527193,0.071905681786303,0.12269288948784836,0.2535795517472828,0.10710335585802572,0.1798779421336277,0.168337667265463,-2.477692266205119,0.6740039751797439,-0.2643868268930701,-2.8089393317635567,0.893504110428245,4.444770662796539,1.9747600877193405,0.014676626725078969,0.501661316805951,0.7919551039958653,0.005842263886282961,0.373453316554914,2.0381525953612663e-05,0.05069188523335979,17.443867520549272,36.14997547824268,12.277951774799638,50.74633255808798,11.761201349136261,15.638570011105358,77.80521759974151
1040.0,1155312.29879529,1890060.7219291,-0.865997547474086,-0.5285611342661247,-0.6832298663892347,-0.1827676810848513,0.5013265481392634,-0.4192845216487457,0.07525867976799012,0.1215878743811458,-0.7212370978794664,0.156313791579643,0.3711368955200086,0.33871694885405373,0.13772208297745606,0.0809974311821175,0.1570772491176976,0.24431424895252157,0.10483988706045112,0.18634340664903987,0.1700963587852451,-3.0444247762167453,0.9291489701540762,0.7740641949365964,-2.9520877352496413,1.490976344618836,1.991682465154293,1.9913239252916655,0.0028901874093706136,0.35475809712921935,0.4404812625136637,0.003826893402462041,0.13870561417726585,0.04877598111840175,0.04881592629127472,15.986204624916429,22.12667066127582,15.1259503996174,38.429469244573504,15.04127084347748,15.848574078502295,68.63547359726691
1060.0,1166283.2435735,1884759.33773216,-0.7272536911368109,-0.7691597728416304,-0.4214789785206755,-0.3057747126161354,0.626826192958921,-0.36249017214588775,0.04054723019065584,-0.017504395634460816,-0.7502939402676969,0.132086017137619,0.6616611239679779,0.35243465762068654,0.1448640075517361,0.07402594899167089,0.17780802569239532,0.24073890029850872,0.10564458747996808,0.18805981245322342,0.170504221876723,-2.5022790565588187,0.5477434702690276,-0.09844547548569661,-3.1166294243986155,1.2502866477912524,3.5183546943744535,2.067014257720268,0.013745374407752848,0.5849296220726462,0.9217499543137675,0.002310744593624185,0.21373299757985037,0.0006228999785867446,0.04097742581641131,12.579845839421527,24.364597806122656,10.475207319422145,46.59646906402653,10.34783786873389,11.72488546461513,76.64669882286587
1070.0,1155033.73418703,1901060.63233934,-1.19677732872657,-0.41001127072536736,-1.0386681100396178,-0.15810921868695216,0.7686978475108759,-0.3716074087235299,0.1257337440304555,0.1977942344865112,-0.7103971749279749,0.14200498641101306,0.3683678967689504,0.3302421401197656,0.13561772282581724,0.08318421520984302,0.15412351815907482,0.25433760350408113,0.1022842366143049,0.18527690619523857,0.16803196177321078,-2.7401094855486527,1.5115096501574938,1.283348815606212,-2.7931267934455306,1.3883369628742288,1.9882018991658716,1.9653531187446738,0.007122220101506939,0.13340175079951525,0.20195000552404088,0.006116171995519701,0.16771793966386994,0.04916493071368624,0.0517842727283708,16.529917138733936,22.008267804846078,15.726497301775755,35.183044075007786,15.431949702127467,16.13040862082245,76.00880116753852
1080.0,1179041.79692939,1873875.82873002,-1.41618333574431,-1.1709500251924436,-0.7194877943687351,-0.696695541375575,0.733742271426949,-0.5309116079601114,0.061240124017886866,0.3993794344132336,-0.7705901053180808,-0.3237237702458962,0.704383354443324,0.3733383618620897,0.14961901344369086,0.07417705574102171,0.19361242116065377,0.2301040245193062,0.1923302597185939,0.1796200358557471,0.17177118191631485,-3.5484233971367556,0.8255938902684108,2.06277795618206,-3.3488771303668647,-1.6831660848352692,3.921518838850553,2.1734633114649946,0.0005622057531612948,0.4107439104304935,0.041385705862604545,0.0010976172413730662,0.09505587078783825,0.00015005805082352565,0.03179568706012225,16.697550947245787,25.69821825439466,14.970736310786242,43.77957043585197,14.958944935886164,16.196554615687674,69.48803371866916
1090.0,1176409.33715094,1899923.25429028,0.8157362211469541,0.38615202422304085,0.6436180204266653,0.17211820072028883,0.6496288300678856,-0.17513164624335806,0.04688719696578901,0.03056754074489445,-0.7102706983440563,-0.557853731175073,1.0838952304347986,0.3294828584230867,0.16154929064087326,0.07183280226581262,0.12499709481800951,0.2559815082749086,0.246585851101716,0.18728364037583517,0.16737936220267485,-1.0840756127656332,0.6527268251666694,0.24454600956445827,-2.7746953408105894,-2.2623103827030198,5.787452808262752,1.9684795908358488,0.2805988300468771,0.5152351174212851,0.8072437688959262,0.006450203693492955,0.025556391482570964,6.292748688451077e-08,0.051419016795268245,32.475972592826935,38.57875259038297,29.126649507871054,48.57143195716876,28.9399350407161,31.279342574539275,76.25384697985275
1120.0,1177050.91513553,1882047.58707363,-0.7112595370329889,-0.3403338847266342,-0.4369400588010386,-0.27431947823195035,0.7491421158490272,-0.4245042706362752,0.050474709625876794,0.15951890069319358,-0.7711185972484488,-0.32909561131267334,0.9133166167713684,0.3598272488562267,0.14861257440200698,0.0732548368125853,0.15042628005795597,0.23975746480765162,0.1996419908026233,0.17360501903090642,0.1707066445071355,-2.8564492092571028,0.6890290364718301,1.0604456922801948,-3.216244373734466,-1.6484288199571941,5.260888319183752,2.1078690281513093,0.005085310018057798,0.4921928276709894,0.2911639878098823,0.001686838711654654,0.10199411316730113,6.718634828010893e-07,0.03721432717879801,15.408487784353586,26.679247737163934,11.767120197251087,45.66413252643526,11.524984018392672,13.4932405191555,73.35209777653047
1130.0,1170942.96556184,1887545.79610276,-0.473801629926655,-0.3591549655587152,-0.2663967714067342,-0.2074048585199208,0.6995267490162125,-0.34012351776561206,0.042478851832757646,-0.004248742822847908,-0.7483252541594178,0.0005794246069290535,0.924509977776514,0.3478239251119588,0.15001355358569612,0.07274259970727637,0.12375776000123408,0.2467685586329414,0.10779878323636635,0.17640635808811506,0.16990998866629514,-2.2672852528042706,0.5839611452394727,-0.0343311225316743,-3.032498379473547,0.005375057023218628,5.240797371457104,2.0471069878951518,0.025241171765431752,0.5603901504897109,0.972672625262848,0.0029979347397015702,0.9957206587355791,7.336266397496174e-07,0.04292649175150209,16.349545691412384,30.175753685067637,14.503162939075999,46.75191317588923,12.848424050197256,15.416742278231265,76.7113079049101
1140.0,1180024.5514903,1863287.02462416,-2.50360437835336,-1.9640032497311315,-1.675963031725701,-0.8276413466276589,0.6951075922719876,-0.4792656708464184,0.04726600613494984,0.3658122959558959,-0.7607295613209415,-0.3513080227755063,0.33765273750563324,0.38603653160828394,0.1489509631990632,0.07715376441544664,0.18475967575968286,0.22245830955468468,0.1865372561301096,0.18676833212824906,0.17283313584172635,-3.2176070604250557,0.6126208681204272,1.979935797417768,-3.4196500137206116,-1.8833129105880555,1.8078693194827895,2.2335793985813037,0.0016795115720283132,0.5413365953315267,0.05009923818429235,0.0008684223945403496,0.062184093669459525,0.07324053665156914,0.027445207660868453,17.7368511448491,23.71468162995151,16.86500136264491,39.235652465571434,16.84884067713155,17.387416611247776,63.76095998042896
1150.0,1155746.78506769,1871922.53234421,0.0156689194037431,0.5428554469597886,-0.052173067623537794,0.06784198702728089,0.6673059648907481,-0.3724551553790358,0.027256698541221862,-0.15680620994776942,-0.7559205318535736,0.1519947055990417,0.30346863379669203,0.3717609496562199,0.1263545643080449,0.11814166612516044,0.1663086903429824,0.22041937613220208,0.10819456295071672,0.1856409521311374,0.1726605701629993,-2.9476984659692413,0.23071198701689077,-0.9428623941682435,-3.4294649822445336,1.4048275759316688,1.6347073763245987,2.153131715627146,0.003877714271213127,0.8179485005675596,0.3477278541328478,0.0008404424772214659,0.16276795449265646,0.10484490724059184,0.03339689220142959,14.288047917185589,17.64983431302286,12.106315453130035,37.53096781175964,12.037873196049874,13.90531904005919,65.62946788245654
1160.0,1172561.88677935,1901699.06101194,-0.007523286633877829,-0.8275473837893547,0.5730523835926313,-0.5805756702265091,0.6592715389487759,-0.17301657421127684,0.050397405518061586,0.020580625453862574,-0.7004592367955597,-0.5027540282689605,1.073976677069449,0.3283079415918921,0.16195216416847835,0.07152449277824571,0.12404035811812075,0.2568567642129167,0.24381497823736215,0.18691777296911571,0.16709765623984227,-1.0683190008581065,0.7046174472612273,0.165918784548043,-2.7270422055730905,-2.0620309379824584,5.745717274552064,1.964766885303633,0.28761405370037313,0.48247287769093883,0.8685122093883624,0.007392273218155049,0.041458061700071186,7.62417349775077e-08,0.05185300482962852,31.839998034176862,39.882623535359436,29.149916692514672,50.284261127253444,27.062187536109995,31.055456746110057,79.37583697831478
1170.0,1175717.82047829,1868822.88715732,-0.11871751556567699,0.03954619456296131,-0.4802782050763925,0.3615606895107155,0.6956984507950692,-0.5062464611117752,0.06163970808570161,0.31219870101324493,-0.765685549876446,-0.2204831936683319,0.5034274641930099,0.37930517418571574,0.14691529067281486,0.07735600126721771,0.17773571158847712,0.22458198369664448,0.16241119448695976,0.18624956174515442,0.17237103978751014,-3.445839155293934,0.7968316236095773,1.7565333281816689,-3.4093810076533146,-1.3575615545764295,2.702972610920022,2.20051567045893,0.000795641123443739,0.42719085159292947,0.08165922054260712,0.0008986317757823947,0.1772608928823332,0.007914178928324403,0.029768849991554602,18.417629593992483,24.546403656586538,17.25144471643211,42.225823785517555,16.96742225971726,17.79372065336254,68.27447877185614
1180.0,1154084.66231414,1930852.94827109,-0.31923915783971696,-0.20868668447388455,-0.2744741058462606,-0.04476505199345637,0.3346803769789376,0.23464001342367824,0.473375370678896,-0.36952229503878664,-0.48249897999316244,0.33591564934050877,0.588021683444057,0.32663196747376594,0.14596469863765957,0.1674303621359183,0.18249683789332943,0.25295303445310446,0.20533426325024345,0.22970069952956335,0.16554284189845073,1.6075120602012467,2.8272970603421057,-2.024814782022551,-1.907464684249969,1.6359454288012525,2.559947290749876,1.9730962917389834,0.11068427405424809,0.005538346985310112,0.04520276486067719,0.058954651060586255,0.10458508444728266,0.011765360265359742,0.05088365829543052,24.29605661576217,28.27234017906929,22.218459601726543,33.510184480213354,21.93645082478715,23.194621815627777,77.26390330188205
1190.0,1164754.77227608,1949075.67852806,-0.503943208059912,-0.5829538052312568,0.45561699449574317,-0.9595602025556551,0.30367877435780954,0.20845723319266796,0.5044196318795056,-0.31200392588181997,-0.48101183909187967,0.33394602403853757,0.5836161521526296,0.32473110580677633,0.14330626133927749,0.1683039370608652,0.18704520177296252,0.25455901043344087,0.20735558795051556,0.22655537968649428,0.16489218323277768,1.454627531585278,2.9970756518731227,-1.6680669855435997,-1.8895887372945654,1.610499274889241,2.576041906222812,1.9693541527578335,0.14849644886792646,0.0033402264762024962,0.09802314576229511,0.06133098324171907,0.1100304053654642,0.011260527547317059,0.05131723633717839,20.82604440410438,22.448699281146446,19.72501283584514,30.159230415536896,19.353016417288917,20.544900023947577,67.20692449555847
1200.0,1167746.82808687,1933638.97732968,0.760676672559131,0.8322852678520817,0.1314201755509764,0.6292564970081546,0.3318685035129084,0.2353647512610209,0.4315850186279249,-0.3950933761788149,-0.5026750079533031,0.1221642658105113,0.6203088373361556,0.3244887626183882,0.14538187942164704,0.15177126285692086,0.18313138571415266,0.2540024293265946,0.24009828376919665,0.23177813881047696,0.16491725502765198,1.6189414540336147,2.8436543948032678,-2.1574312597378085,-1.9790165365188968,0.5088094087667291,2.6763043336169723,1.9675852751974352,0.1081992111254804,0.005279797901664206,0.03305257401346228,0.05020406681155717,0.6118606205421233,0.008531298586417041,0.05152327313714793,24.98668269371144,27.19368181560171,23.570340643971104,37.23644601927682,23.122089425187426,24.338081999555282,76.70292572070798
1210.0,1169286.3350323,1920014.04624499,-0.299477271252311,-0.7925093205693508,0.8853787104092721,-1.1848559816615831,0.336956296793422,0.26969505692109186,0.20993096295913902,-0.5658667822834079,-0.5622492271623425,-0.26154221390930804,0.7528436726589015,0.32465602285712947,0.15094813581646474,0.08993062194738793,0.17672236206272246,0.253673159087969,0.25907482357741274,0.23489611292535656,0.165233266724871,1.7866736509353747,2.334365741203867,-3.202010066403311,-2.2164316839187754,-1.009523852213135,3.205006942358958,1.9648344990825148,0.07662500289319459,0.02131211528600587,0.0017651774347714414,0.028629736935359074,0.31484285125452643,0.001748407742319049,0.051845073606234235,18.544649223656382,25.606303888182257,16.370784573715103,40.69684645219689,16.127151343128876,17.724195715216833,83.1332226879942
1220.0,1169427.09509643,1916013.32534527,1.7964389214205603,1.6524088539933306,0.5583491478430328,1.2380897735775274,0.31715972703784145,0.24135993930899882,0.13643897904646698,-0.24712040658680573,-0.5941187904802884,-0.3820969852719225,0.828366068897563,0.32489726321432183,0.14926347467134043,0.07492119678015616,0.12728769054666111,0.25467469273381754,0.25770002253830365,0.2115681057992163,0.16544730101625543,1.6170060347345077,1.8210998343609561,-1.9414320860524714,-2.332853665602546,-1.4827200304770205,3.9153636403197,1.9637507606267945,0.1086168496049673,0.07119141676280473,0.05465232840373004,0.02139436640457342,0.1408840941637755,0.00015347369400215118,0.05197232207432979,15.834732072263632,26.777054679523147,14.61832828332148,42.14317506585492,14.53974834047286,15.162638633443803,84.05380239136117
1230.0,1175712.49286229,1874259.92345038,-0.23855677353193697,-0.21870147240477963,-0.05462015855811336,-0.1839366149738236,0.7191781695189934,-0.5222622845570757,0.06439585363595958,0.3102070923849788,-0.7705881425801941,-0.16702202141616235,0.6638284737536554,0.37218667178619774,0.1488179857343387,0.07514683806376946,0.1773236300751437,0.22950382189345273,0.14917362759852767,0.17920249074332162,0.1717733346392865,-3.5094029930588384,0.8569336421222858,1.7493838370753159,-3.357626623481417,-1.1196484533155566,3.7043484775246878,2.1667313647241406,0.0006421298443276873,0.39326377569895077,0.08289244487486364,0.0010664869701463358,0.26519662768344293,0.0003272503534271414,0.03231831405939007,16.87236590642791,25.138514834861283,15.80068274975731,44.35671853926082,15.678671985457784,16.621803139030842,71.08932632726682
1240.0,1151344.51459959,1924006.59972071,-0.47334022393533,-0.6867565744315494,-0.3294543997271166,-0.1438858242082134,0.4044584725856666,0.23024596459093494,0.4439204039458834,-0.3059043298759389,-0.504913472463751,0.3031268082958164,0.5794652224806537,0.3274259081204985,0.14656587923617195,0.1619460327256643,0.20704022261566876,0.2522703780778503,0.20653247233904753,0.2294880145330678,0.16592175046953675,1.5709383779557815,2.741162574188416,-1.4775115965934444,-2.00147744777207,1.4676956357651973,2.5250347982646226,1.973375444713705,0.11894435904107852,0.007100852136139152,0.1422720211714495,0.04769542079744718,0.1449166327110035,0.012930959103194209,0.050851439551381446,19.26381347095257,25.923875706941327,17.232357780434512,32.555942768504394,17.041286504809243,18.170847599820384,79.03748522403188
1270.0,1178962.66758531,1876518.81702049,-1.63406161596558,-0.8961780582938839,-1.3524862597197023,-0.2815753562458778,0.7505502308327003,-0.5153740993007884,0.059259345061745634,0.37990241626154436,-0.7724253058005704,-0.3384729420258666,0.7751654307402115,0.36945801504001047,0.14846670650855393,0.07374565631633534,0.19055577706403448,0.23292357238525016,0.20270695433839334,0.17625704073463994,0.17144828620190197,-3.471310918256916,0.8035638710373664,1.9936546774642352,-3.316217838712335,-1.6697648244511103,4.397926048850698,2.1549239320183524,0.0007303864302939359,0.42330673070142566,0.04855675229822269,0.0012214957835199544,0.09768579000851445,2.4528606063208316e-05,0.03325299099132272,16.304620901949466,25.961737796789144,13.84753533221633,44.5088881658509,13.66367909127704,15.131857305633428,70.60293771357442
1280.0,1139918.57154895,1932409.02840054,0.804716462186684,1.6068565527725716,0.5119588859466655,0.2927575762400185,0.4300160596366853,0.18062122521687646,0.4843674584508063,-0.20136588119328588,-0.48795779199393086,0.4538012200751987,0.5658731806761054,0.3284569632921392,0.1411338145081089,0.16425594707203933,0.19572290479976442,0.25138256509567375,0.207828997674947,0.21371244069113252,0.16616244077862505,1.2797870293975422,2.9488579688282006,-1.0288314563862342,-1.9410963994588044,2.183531774449311,2.647825175016051,1.9767220663888534,0.2031958425700465,0.00386422901945918,0.3057179352117201,0.05469351249560214,0.031027737392294287,0.009238165703523576,0.05046653139963746,17.557245028219317,22.53847224767806,12.649957863823436,28.208476282666997,12.47952045250862,15.478573937208084,69.11862388394987
1290.0,1152910.87594505,1931513.3373917,0.45778008478768795,1.2279049952792085,-0.5021175906489287,0.9598976754366166,0.34187107971655106,0.231180154518521,0.4753200284663085,-0.35703106134407414,-0.4816245838793333,0.36405943761105586,0.5846565520704148,0.3267692565869474,0.14572387443261256,0.16687033842404023,0.1827110439426021,0.25288465323422576,0.20464372191616687,0.22814242331819695,0.1655779803830308,1.5864260775294319,2.8484392909808554,-1.9540748804228492,-1.9045227842800132,1.7789914794463828,2.5626823085637915,1.9735067176869385,0.1153886033437099,0.005206281822098227,0.05312020199067101,0.05934032397177616,0.07788313786233746,0.011678163105455578,0.05083629452351774,23.769710320433443,28.067422979745732,21.459851973736612,33.177328964152494,20.90505117377485,22.807026321210213,76.50580666333997
1300.0,1166979.64523815,1943698.46533905,0.8801214010390219,1.0657515992091886,1.0449801690016622,-0.16485876796264032,0.31103743792185057,0.2153718815448973,0.4806876290438382,-0.33053532655860907,-0.4867987755276897,0.2817237264626411,0.5920522964976244,0.3244803902188888,0.14370643580400524,0.16238879054371444,0.18617584559608527,0.25451804887510504,0.21707250729226063,0.22952219630203977,0.16484579012388303,1.498693362895962,2.960103511051392,-1.7753931800353764,-1.9126296845319897,1.2978323693628129,2.5794990900074564,1.9683874849035512,0.13669328240918974,0.0037356623153951035,0.07847827756076994,0.05828263706309545,0.19694205857847338,0.011154663717612052,0.051429745928742145,22.48657982287261,24.20448722357801,21.082012400464933,32.489943656402104,20.665603458007027,21.93989522484526,70.43235413080623
1310.0,1164471.22974782,1922773.86704756,-0.18051393154569298,-0.42293230995186926,0.047668808981919,-0.22818274052761198,0.3508993141088034,0.259471661002886,0.39316497290605734,-0.5788552360392119,-0.5324277681112929,-0.06981123309589089,0.6646436154152839,0.32537649652974365,0.148943484885652,0.15135430397700317,0.19645806701536936,0.2530615701865177,0.2477186588945146,0.23632003397767992,0.16532847163695735,1.7420813082364057,2.5976464664380803,-2.9464569454097638,-2.103945564389211,-0.281816611665165,2.8124725789353033,1.9680608748639115,0.08416780935677282,0.01061351644118188,0.0038922014055738407,0.0375622959153106,0.7785906415623005,0.005782612164755159,0.05146780701857399,23.27149171599392,25.575718259190836,20.93916769533841,39.41087726764497,20.74116726597272,22.55101212946804,82.9805903898802
1320.0,1169244.56018426,1921368.70147826,1.99722712534159,1.3726292824783504,1.1782467280401197,0.8189803973014704,0.34729909557087124,0.2715027628100279,0.2687415897648515,-0.6094421303566324,-0.5538499096743408,-0.20892872032837742,0.7366727638967037,0.3245945592487449,0.15105727547924844,0.10765800355353192,0.1893986910207094,0.25352862335389925,0.25713388298201595,0.23675785203337965,0.16517565627023567,1.7973497929752196,2.4962527716875442,-3.217773718879579,-2.184565601893498,-0.8125289359200863,3.1115029874187354,1.9651476893041182,0.07490445564254736,0.013968600325599745,0.001678617491173996,0.03094980509030088,0.41816704483040124,0.0023480317401154125,0.05180834921505994,19.485276659838725,24.038175923366918,17.219154991436714,40.89962364841434,17.189212309440332,18.887495608997227,82.67316897230101
1330.0,1144639.34672135,1929107.50647746,-0.59151428076494,-0.29747852444937206,-0.48240003119584285,-0.1091142495690971,0.42489522993296625,0.19765342950354042,0.47295296999941344,-0.24233476234289542,-0.4923689668590916,0.4345305952549976,0.5677408163415599,0.3280478700431281,0.14251837873249532,0.16396955192892115,0.19944401805148415,0.251702859414136,0.2062491623519636,0.2204940351207115,0.1660526566406482,1.3868627419242026,2.884395086988058,-1.2150515453431123,-1.9561516623415818,2.106823563789667,2.5748579367725073,1.9755653217464086,0.16816597472066072,0.0046831300907543205,0.2268352083495309,0.052872034527238355,0.03730677577541647,0.01129698959055752,0.05059929254045984,19.125702455265593,24.286818130156295,14.759350969471424,30.545619996816434,14.159441837565204,16.40024851872316,73.31416785245705
1340.0,1175328.49516593,1898027.79675252,-0.19579297193210501,-0.25120560426580363,-0.17478934234004082,-0.0210036295920642,0.6653454294969892,-0.20137846639396348,0.045636775812090725,0.024871075629149482,-0.715608101929828,-0.5554838603263285,1.0758922534357451,0.3306981160094315,0.16136604479422545,0.07195818522343453,0.12491173524464341,0.25473657804294497,0.24791803768979712,0.1866913105147723,0.16775387688361282,-1.2479606019392866,0.6342124342128108,0.19910919963155366,-2.8092082708639774,-2.2405947768163905,5.762947672653533,1.9713292005696472,0.21458051536327238,0.5272017603830548,0.8425289330752758,0.005837703711283676,0.026973083734549423,7.043970056523914e-08,0.05108801114153733,32.17262555944368,39.594909195423,27.612474504442634,50.219456101678595,27.52877663258398,30.351900270586228,75.02046633085331
1360.0,1157735.61553354,1901043.52283533,-1.4206355039953,-0.6609993037165152,-1.1219128479312959,-0.29872265606400417,0.7688383646228156,-0.3695356898930998,0.08715511081849026,0.12446831614865708,-0.7068574524896708,0.12836380419145474,0.38136636961321435,0.3298492696964624,0.14183230545518594,0.0749764574193614,0.14280497210035067,0.2549368003328883,0.10377208334570316,0.18933358879257384,0.1678456329857227,-2.605440902248185,1.1624330332254924,0.8715965159895959,-2.7726771951584825,1.2369781934880064,2.0142562766875125,1.9651942313239694,0.010388439471366678,0.24746626656878962,0.38524452626118744,0.006487770752696197,0.21861522676022277,0.04631639117138861,0.05180289362378286,14.857571870742891,24.207333537981015,14.080882498496695,39.64057803210449,14.035407967606488,14.587238813462394,77.65102814495606
1380.0,1167633.60312676,1937300.91346109,0.498630471311784,0.5276149956724832,0.17267295791060314,0.32595751340118084,0.3240968407157372,0.2263404868380387,0.44710647193391856,-0.3632785062940877,-0.49597442628908484,0.19118076555262367,0.6074873915996818,0.32445185554686246,0.1444725101591163,0.1542816353894848,0.18381056983152258,0.25423375988579094,0.22887498488453656,0.23067287589844976,0.16487492738330972,1.5666681958301705,2.8979889330651436,-1.9763744088659436,-1.9508598170120708,0.8353065130690059,2.6335449681007095,1.967866556159628,0.11993988479980063,0.004498233841317722,0.05050640140629927,0.05350633388106743,0.40527720302436365,0.009612177658199543,0.05149046303431398,24.425079922803267,26.451389857297073,23.19179045886048,35.649746529291896,22.74327782159045,23.82570605929343,74.44049022021402
1400.0,1176529.51123105,1895049.38830174,1.98795886061514,1.4552393502976801,1.131090183704825,0.8568686769103149,0.6839516185423284,-0.22298443859975706,0.04349132918205178,0.02341859421595629,-0.7284316910128316,-0.5858634801651951,1.0688612656909318,0.33377756557363747,0.16029029350479085,0.07224596578099696,0.12510715816731477,0.25324243367394766,0.24875551180553077,0.18585532771002805,0.16833171327440674,-1.391128768462155,0.6019897265113648,0.18718828370025736,-2.876420355171184,-2.355177884955589,5.751039148894197,1.9828561064398387,0.16687196277049451,0.548366011238804,0.8518428632634696,0.004794816437814908,0.020208038226994796,7.44013713909323e-08,0.049767450933242655,28.971536348051423,37.59973558841253,23.565859169848387,47.97754542554016,23.56029444409946,27.585510233271346,72.16404040872739
1410.0,1168871.48498392,1905449.33352743,0.0617329022799839,-0.03419587630351287,-0.0553026151949807,0.1170355174749646,0.6520622333036172,-0.12234271129271462,0.06190556338255343,-0.0019446142375291013,-0.6825966239674779,-0.4362101362305255,1.0467475868270262,0.32661073841047383,0.15711082327252088,0.07068424647912765,0.12262480155712158,0.2579100685415153,0.23942920049644917,0.1847513316881684,0.16653936563544486,-0.7787032665502728,0.8758042486996522,-0.015858245745035953,-2.646645894158264,-1.8218752571785608,5.665710646101181,1.9611623784218422,0.4377538972606201,0.3829621078395382,0.9873749607342728,0.009268546275726689,0.0710728123830281,1.0993291914835525e-07,0.052277311464614215,25.346578849150674,38.08086940005134,19.70828027892889,47.91440062678969,19.316288002118355,24.28431275386001,82.20536194475245
1420.0,1169155.59813618,1924165.78538486,1.9505036043961002,1.7591136248525292,0.46377686005072166,1.4867267443453784,0.35403625251051873,0.26881082334752526,0.3203562338949863,-0.5811654817205985,-0.5381434412500983,-0.10884782545721418,0.6973087824579693,0.32449349260467575,0.1502313226578608,0.12321706914706072,0.19200147090789357,0.25343726081325707,0.25447028739999633,0.2390211576365121,0.16507617524601528,1.7893127650864082,2.5999338899437556,-3.0268803617624034,-2.12337933073947,-0.4277427693792739,2.9173517079119473,1.9657197177065597,0.0761966793588627,0.010547012117051717,0.0030499656180200405,0.03586581572231059,0.6696383380212796,0.004246424255796498,0.051741330614884305,21.531038973620475,25.158324414688778,19.239265047441172,40.44244817894146,18.775275178618642,20.453873454764263,81.53884837185095
1430.0,1177647.63808009,1846956.57340895,0.0534638614648544,-0.03374392528197274,0.23103030467752664,-0.17756644321267223,0.6763859395612946,-0.39632765200838427,-0.006353511185049295,0.27001273192103453,-0.7474917486613138,-0.33389545273782073,0.079450545048647,0.3987384065638893,0.14623580544497455,0.0897046091703498,0.17629233028080646,0.21598017287171647,0.17202850801984737,0.19729922729335453,0.1740230608701836,-2.710195706191217,-0.07082703156293703,1.531619279698362,-3.460927633877272,-1.940930933954844,0.40269060420858055,2.2912963636545687,0.007754151895394571,0.9436584407131685,0.12836274616885038,0.0007563541934610803,0.05471382246541961,0.6879234360294424,0.023767237842455397,15.47672489129822,18.63952712459203,14.73074986926076,31.776953185903597,14.6313998783567,15.04330703540996,55.200067722595456
1440.0,1163413.93822683,1923975.42941668,-0.7820399403728171,-1.134401959754235,0.12887046986537934,-0.9109104102381964,0.344513768549752,0.2585505823391913,0.4091797498072757,-0.5439831844254754,-0.5257842413940325,-0.025651483834489085,0.6485664833081064,0.32549731670961113,0.14869598514214266,0.1554541090226027,0.19286597757397395,0.25307823609473146,0.24546694348159998,0.23529356170071336,0.16533129529534266,1.7387865724285398,2.632157827026507,-2.820524341660157,-2.077556132472895,-0.10450076686766542,2.7564140668373422,1.9687580389916677,0.08474846940182831,0.00964922733174437,0.0056487474628958275,0.03997641498954405,0.9169539995641427,0.006797856776788157,0.051386592777517455,24.105824554249118,26.76914493525558,22.14532653711374,39.861258901490295,22.10031028392338,23.46523263023885,82.47417117678333
1450.0,1176230.95814277,1905725.84936769,1.9917035162972798,1.2175904590589217,1.5619464260015288,0.42975709029575104,0.5945629878197312,-0.10267689856574479,0.05651793401145594,0.035883249381632794,-0.6816087427319248,-0.5543959555653062,1.101580627029741,0.3250796543096375,0.16013321727815125,0.0709453936974362,0.12498894772144596,0.25762896530342977,0.24449955885402153,0.18892402827543864,0.16627046862520078,-0.641196750499274,0.7966399376468378,0.28709137916420624,-2.645699181880193,-2.267472212071795,5.830812719193717,1.9551256275244946,0.5226706783391599,0.42730175056813724,0.7745589992918376,0.009293000752854119,0.02522939233459485,5.151418141162315e-08,0.05299451880184352,29.440271513230563,37.68182319220583,26.047433056852977,47.0348120253263,25.8899165976356,28.081491815548674,77.14315621876544
1460.0,1163333.20913876,1926705.98506723,-0.29979091464178903,0.04870139477382324,-0.31014374157202407,0.010352826930235037,0.3398846102172799,0.25276300063443985,0.42657148384275917,-0.4862000005735433,-0.5142560229604327,0.04108198834382054,0.6342871557963097,0.3253895485239086,0.14752414293256244,0.15789972111952072,0.1859368133419477,0.25326124438189074,0.2424906633067725,0.23423360740658247,0.16524577019881628,1.7133670164752974,2.7015341180993593,-2.6148668025163775,-2.0305357979880645,0.1694167840674679,2.7079254886567776,1.9691248262053216,0.08933955475022341,0.00794640419351314,0.010122004595779492,0.044608967386931445,0.8657664744858374,0.007804128996921448,0.051343908542834375,25.76420496374512,28.173657031223705,23.911046241941804,39.508823425966774,23.586229461939013,24.600568441852666,81.13616001638836
1480.0,1159616.1951193002,1930951.29758318,0.345628414092774,0.008141504172293201,0.04857322864886038,0.2970551854439136,0.3281533572123875,0.23865123714982514,0.46954987946819654,-0.39668005688815955,-0.49290787247125983,0.23227958694036907,0.6019744598639469,0.3258112186419884,0.1455709110747084,0.16800423790595564,0.18218456607986863,0.2533648026472891,0.21408951648803182,0.23094501784200808,0.16529587849010918,1.6394157004852914,2.794869256399581,-2.177352700196664,-1.9454473049180405,1.0849647883312126,2.6065704533871523,1.9710789017736097,0.10385955893716473,0.006085424380157867,0.03149709715370565,0.054161744573059514,0.28020648697924366,0.010356181251685468,0.05111701281833923,26.829162677554283,28.835955186204234,24.843074634948717,36.74980467172971,24.81748059589637,26.001595442993363,78.54770706606978
1490.0,1176488.61907101,1897480.33051201,0.710437944115175,0.40616294519746704,0.9248734838550823,-0.21443553973990725,0.663134063031692,-0.20046750786288356,0.04507081898289518,0.027664076995100137,-0.7198032081994634,-0.5705663569704342,1.0781249862275768,0.3309732232789405,0.1608413688620857,0.0720331517143961,0.1250641775982725,0.2548848396430836,0.24878385715023016,0.1867570418446907,0.16784271885835064,-1.2463678298757548,0.6256955014490585,0.2211990477717918,-2.8240330386358288,-2.293421942670071,5.772874616016664,1.9719248206308098,0.21516227178443242,0.5327544774387627,0.825329727242889,0.005591304413279898,0.023640477106200992,6.729604364357725e-08,0.051019053826317495,31.670418606462558,38.75310073714942,27.160676549446514,48.17780804780923,26.895186134895425,29.740539171458966,73.13238561963773
1500.0,1163255.95192269,1929339.66570968,-0.32373985560236,-0.5093756842443917,0.0544733664661507,-0.3782132220685107,0.3341462917116591,0.24507872594339553,0.4416964413690545,-0.43473399704706694,-0.5066431546051419,0.1138770433341422,0.6211101953984726,0.32530472340128286,0.14638837092758258,0.1598731788548468,0.18278001656320458,0.2534623489044167,0.231863023346342,0.23250417808006116,0.1651790019255775,1.6741679983899436,2.7627926368442495,-2.3784547415047297,-1.998889210942341,0.4911393015178622,2.671393695061246,1.9694072467386083,0.09681527027887535,0.006674664034163611,0.019033374901638866,0.04797894887159964,0.6242639157062776,0.008649575332754495,0.0513110628290116,26.6036974044479,28.771050789673712,24.94011964666047,39.170323642257,24.83728976162146,25.666795146877796,79.70739582217617
1510.0,1169742.11896873,1901630.35829187,0.8727066919224999,-0.21893659489876915,0.9000708777900861,-0.027364185867586155,0.6897288880622481,-0.19675867090013352,0.0524199480649923,0.004299921905069475,-0.6998795842163803,-0.4264634439500274,1.050967747880323,0.3277607662177612,0.16059255046657267,0.07137635583302791,0.12315920767603727,0.2568030480349524,0.2375732629337388,0.18566305485584667,0.16713521423570002,-1.2252042222910509,0.7344161445790157,0.03491352361067599,-2.7253554409569256,-1.7950818146946599,5.660618633558087,1.9610515217669289,0.2230017629636516,0.46419000337152516,0.9722092257615621,0.007427802448719417,0.07526726014035308,1.1251355302050866e-07,0.05229040750681644,29.069334921547764,40.097192024758606,23.607289126531,50.525124501696624,23.399504339651944,26.910266883073646,78.78769358029383
1660.0,1176365.32127889,1901404.02433966,2.23673115183912,1.5628910715279027,1.0831865187196534,1.1535446331194668,0.639684100110342,-0.15880458983445697,0.04897295510129839,0.031224432644451384,-0.7039805841948102,-0.5533506644894536,1.0907591323161323,0.32878761846615207,0.16170757315216794,0.07161646347766527,0.12484909943604244,0.25660363687650084,0.24489703711334282,0.18806590494662023,0.1671135746186605,-0.9820479445636152,0.6838225838472376,0.25009737984090946,-2.7434552088348796,-2.2595237207110546,5.799877083651757,1.9674500962379537,0.3281377752442024,0.49546279376440894,0.8029582716631865,0.007054534355363859,0.02573446433124289,5.942499682965364e-08,0.05153904743323965,32.306143322250065,38.727613884661665,29.86244328075225,48.40213836716463,29.72378212375926,30.626979210891978,77.85304002636488
1670.0,1152209.0952084,1901252.71835552,-0.9024640292092421,-0.8460559774127279,-0.9050845019120038,0.002620472702761778,0.7641609551449494,-0.3611018235196061,0.19946376758574988,0.2517724515175205,-0.7144985262688172,0.15016015661494123,0.3615401392904627,0.3305912820804364,0.13164943214621547,0.10676538001896393,0.1642820982387936,0.25379096180212424,0.1016007171425301,0.1842687993344433,0.1682106286725179,-2.7429045278262274,1.8682438778405568,1.5325616985458423,-2.8153032763471595,1.4779438653399437,1.9620258046739445,1.965341219454393,0.007065634540456431,0.06427319823343329,0.12813032562164187,0.0057352235492850205,0.1421564283078725,0.05217540574203666,0.051785667075431356,17.691650278979647,20.109362335655927,16.550885439269152,30.25360366873826,16.289375531822195,17.15775936376131,74.04168308393662
1690.0,1176844.65337534,1889858.01703291,-0.13760226871769,-0.42298800251240826,0.44491072020790645,-0.5825129889255964,0.7171817988844342,-0.28372637942144996,0.04233190067372677,0.018195345822170982,-0.7484506298776274,-0.5876046596560727,1.0395594825927224,0.3441401048074636,0.1527237915819673,0.07257234734267387,0.12401454581317307,0.24868579470003402,0.22492125687820125,0.18194663105568976,0.16937893259082445,-1.857774590864405,0.5833062071679034,0.14671944893933753,-3.009623572510091,-2.61249055696977,5.713540704551637,2.0317763227308605,0.0657589122521474,0.5608293853386571,0.8836103646702074,0.0032150506746562923,0.010188584666856217,8.835836246213975e-08,0.04448109363204911,22.729435530233474,32.96112912085319,17.764482318483132,47.052714592194356,15.783725677180705,22.29679999228545,73.82464893692094
1700.0,1176812.47724731,1900828.68763513,1.5690238577643303,0.37333516691898927,1.2961398824615133,0.27288397530281694,0.642859536761965,-0.1635785083509812,0.047975589261803286,0.03175211297524565,-0.7065501454529417,-0.5578299193094401,1.0918596257549809,0.32898586752017667,0.16174246825436628,0.07171909616825885,0.12492361378629409,0.25622493734360874,0.2455334127494027,0.1881551195832706,0.16720783257521887,-1.011351626548245,0.668937449368417,0.2541722258336503,-2.7575385627099496,-2.2719104217346366,5.802975907183666,1.9675266550218664,0.31397133879665545,0.5048760274538429,0.7998164161849479,0.006775989599002086,0.0249511733518326,5.8581669336159635e-08,0.05153011313686978,32.13853467643125,38.331716746451484,29.628715877236043,48.43248012798827,29.417242830520507,30.0979087529862,76.82213540099058
